region,route_id,route_number,direction,stop_sequence,stop_name_published,latitude,longitude,coordinate_status,source_file,source_page,verification_date,evidence_tier,notes
Sambalpur,AMA-SBP-205,205,DOWN,1,NUAGUJATALA,,,UNKNOWN,pdfodisha1.pdf,2,2026-08-17,PRIMARY regional route/stop source supplied by user,
Sambalpur,AMA-SBP-205,205,DOWN,2,NUAJAMADA CHOWK,,,UNKNOWN,pdfodisha1.pdf,2,2026-08-17,PRIMARY regional route/stop source supplied by user,
Sambalpur,AMA-SBP-205,205,DOWN,3,GUNDURUPADA,,,UNKNOWN,pdfodisha1.pdf,2,2026-08-17,PRIMARY regional route/stop source supplied by user,
Sambalpur,AMA-SBP-205,205,DOWN,4,ALIND CHOWK,,,UNKNOWN,pdfodisha1.pdf,2,2026-08-17,PRIMARY regional route/stop source supplied by user,
Sambalpur,AMA-SBP-205,205,DOWN,5,SMELTER MAIN GATE,,,UNKNOWN,pdfodisha1.pdf,2,2026-08-17,PRIMARY regional route/stop source supplied by user,
Sambalpur,AMA-SBP-205,205,DOWN,6,DURGA MANDIR CHOWK,,,UNKNOWN,pdfodisha1.pdf,2,2026-08-17,PRIMARY regional route/stop source supplied by user,
Sambalpur,AMA-SBP-205,205,DOWN,7,IDC CHOWK,,,UNKNOWN,pdfodisha1.pdf,2,2026-08-17,PRIMARY regional route/stop source supplied by user,
Sambalpur,AMA-SBP-205,205,DOWN,8,"SAMALESWARI TEMPLE, HIRAKUD",,,UNKNOWN,pdfodisha1.pdf,2,2026-08-17,PRIMARY regional route/stop source supplied by user,
Sambalpur,AMA-SBP-205,205,DOWN,9,ITI COLONY,,,UNKNOWN,pdfodisha1.pdf,2,2026-08-17,PRIMARY regional route/stop source supplied by user,
Sambalpur,AMA-SBP-205,205,DOWN,10,VSS CHOWK,,,UNKNOWN,pdfodisha1.pdf,2,2026-08-17,PRIMARY regional route/stop source supplied by user,
Sambalpur,AMA-SBP-205,205,DOWN,11,HIRAKUD SCHOOL,,,UNKNOWN,pdfodisha1.pdf,2,2026-08-17,PRIMARY regional route/stop source supplied by user,
Sambalpur,AMA-SBP-205,205,DOWN,12,HINDALCO CHOWK,,,UNKNOWN,pdfodisha1.pdf,2,2026-08-17,PRIMARY regional route/stop source supplied by user,
Sambalpur,AMA-SBP-205,205,DOWN,13,HIRAKUD P.S,,,UNKNOWN,pdfodisha1.pdf,2,2026-08-17,PRIMARY regional route/stop source supplied by user,
Sambalpur,AMA-SBP-205,205,DOWN,14,HIL,,,UNKNOWN,pdfodisha1.pdf,2,2026-08-17,PRIMARY regional route/stop source supplied by user,
Sambalpur,AMA-SBP-205,205,DOWN,15,JHANKARPADA,,,UNKNOWN,pdfodisha1.pdf,2,2026-08-17,PRIMARY regional route/stop source supplied by user,
Sambalpur,AMA-SBP-205,205,DOWN,16,"SHAKTINAGAR, HIRAKUD",,,UNKNOWN,pdfodisha1.pdf,2,2026-08-17,PRIMARY regional route/stop source supplied by user,
Sambalpur,AMA-SBP-205,205,DOWN,17,NARADIHI,,,UNKNOWN,pdfodisha1.pdf,2,2026-08-17,PRIMARY regional route/stop source supplied by user,
Sambalpur,AMA-SBP-205,205,DOWN,18,AINTHAPALI BUS TERMINAL,,,UNKNOWN,pdfodisha1.pdf,2,2026-08-17,PRIMARY regional route/stop source supplied by user,
Sambalpur,AMA-SBP-205,205,DOWN,19,SIDHESWAR TEMPLE CHOWK,,,UNKNOWN,pdfodisha1.pdf,2,2026-08-17,PRIMARY regional route/stop source supplied by user,
Sambalpur,AMA-SBP-205,205,DOWN,20,PANCHAGOCHHIA,,,UNKNOWN,pdfodisha1.pdf,2,2026-08-17,PRIMARY regional route/stop source supplied by user,
Sambalpur,AMA-SBP-205,205,DOWN,21,VIKASH SCHOOL,,,UNKNOWN,pdfodisha1.pdf,2,2026-08-17,PRIMARY regional route/stop source supplied by user,
Sambalpur,AMA-SBP-205,205,DOWN,22,BAREIPALI,,,UNKNOWN,pdfodisha1.pdf,2,2026-08-17,PRIMARY regional route/stop source supplied by user,
Sambalpur,AMA-SBP-205,205,DOWN,23,DUANPALI ROAD,,,UNKNOWN,pdfodisha1.pdf,2,2026-08-17,PRIMARY regional route/stop source supplied by user,
Sambalpur,AMA-SBP-205,205,DOWN,24,RMC OFFICE,,,UNKNOWN,pdfodisha1.pdf,2,2026-08-17,PRIMARY regional route/stop source supplied by user,
Sambalpur,AMA-SBP-205,205,DOWN,25,GOPALPALI,,,UNKNOWN,pdfodisha1.pdf,2,2026-08-17,PRIMARY regional route/stop source supplied by user,
Sambalpur,AMA-SBP-205,205,DOWN,26,REMED CHOWK,,,UNKNOWN,pdfodisha1.pdf,2,2026-08-17,PRIMARY regional route/stop source supplied by user,
Sambalpur,AMA-SBP-205,205,DOWN,27,BHANGAMUNDA,,,UNKNOWN,pdfodisha1.pdf,2,2026-08-17,PRIMARY regional route/stop source supplied by user,
Sambalpur,AMA-SBP-205,205,DOWN,28,TIKIRAPADA,,,UNKNOWN,pdfodisha1.pdf,2,2026-08-17,PRIMARY regional route/stop source supplied by user,
Sambalpur,AMA-SBP-205,205,DOWN,29,SAINATH COLONY,,,UNKNOWN,pdfodisha1.pdf,2,2026-08-17,PRIMARY regional route/stop source supplied by user,
Sambalpur,AMA-SBP-205,205,DOWN,30,RK RICE MILL,,,UNKNOWN,pdfodisha1.pdf,2,2026-08-17,PRIMARY regional route/stop source supplied by user,
Sambalpur,AMA-SBP-205,205,DOWN,31,LARPANK,,,UNKNOWN,pdfodisha1.pdf,2,2026-08-17,PRIMARY regional route/stop source supplied by user,
Sambalpur,AMA-SBP-205,205,DOWN,32,RAJA PADA,,,UNKNOWN,pdfodisha1.pdf,2,2026-08-17,PRIMARY regional route/stop source supplied by user,
Sambalpur,AMA-SBP-205,205,DOWN,33,HIRAKUD COLLEGE,,,UNKNOWN,pdfodisha1.pdf,2,2026-08-17,PRIMARY regional route/stop source supplied by user,
Sambalpur,AMA-SBP-205,205,DOWN,34,FCI,,,UNKNOWN,pdfodisha1.pdf,2,2026-08-17,PRIMARY regional route/stop source supplied by user,
Sambalpur,AMA-SBP-205,205,UP,1,AINTHAPALI BUS TERMINAL,,,UNKNOWN,pdfodisha1.pdf,1,2026-08-17,PRIMARY regional route/stop source supplied by user,
Sambalpur,AMA-SBP-205,205,UP,2,AINTHAPALI CHOWK,,,UNKNOWN,pdfodisha1.pdf,1,2026-08-17,PRIMARY regional route/stop source supplied by user,
Sambalpur,AMA-SBP-205,205,UP,3,TPWODL CHOWK,,,UNKNOWN,pdfodisha1.pdf,1,2026-08-17,PRIMARY regional route/stop source supplied by user,
Sambalpur,AMA-SBP-205,205,UP,4,PANCHAGOCHHIA,,,UNKNOWN,pdfodisha1.pdf,1,2026-08-17,PRIMARY regional route/stop source supplied by user,
Sambalpur,AMA-SBP-205,205,UP,5,VIKASH SCHOOL,,,UNKNOWN,pdfodisha1.pdf,1,2026-08-17,PRIMARY regional route/stop source supplied by user,
Sambalpur,AMA-SBP-205,205,UP,6,BAREIPALI,,,UNKNOWN,pdfodisha1.pdf,1,2026-08-17,PRIMARY regional route/stop source supplied by user,
Sambalpur,AMA-SBP-205,205,UP,7,TRUCK ASSOCIATION,,,UNKNOWN,pdfodisha1.pdf,1,2026-08-17,PRIMARY regional route/stop source supplied by user,
Sambalpur,AMA-SBP-205,205,UP,8,RMC OFFICE,,,UNKNOWN,pdfodisha1.pdf,1,2026-08-17,PRIMARY regional route/stop source supplied by user,
Sambalpur,AMA-SBP-205,205,UP,9,GOPALPALI,,,UNKNOWN,pdfodisha1.pdf,1,2026-08-17,PRIMARY regional route/stop source supplied by user,
Sambalpur,AMA-SBP-205,205,UP,10,REMED CHOWK,,,UNKNOWN,pdfodisha1.pdf,1,2026-08-17,PRIMARY regional route/stop source supplied by user,
Sambalpur,AMA-SBP-205,205,UP,11,BHANGAMUNDA,,,UNKNOWN,pdfodisha1.pdf,1,2026-08-17,PRIMARY regional route/stop source supplied by user,
Sambalpur,AMA-SBP-205,205,UP,12,TIKIRAPADA,,,UNKNOWN,pdfodisha1.pdf,1,2026-08-17,PRIMARY regional route/stop source supplied by user,
Sambalpur,AMA-SBP-205,205,UP,13,SAINATH COLONY,,,UNKNOWN,pdfodisha1.pdf,1,2026-08-17,PRIMARY regional route/stop source supplied by user,
Sambalpur,AMA-SBP-205,205,UP,14,RK RICE MILL,,,UNKNOWN,pdfodisha1.pdf,1,2026-08-17,PRIMARY regional route/stop source supplied by user,
Sambalpur,AMA-SBP-205,205,UP,15,LARPANK,,,UNKNOWN,pdfodisha1.pdf,1,2026-08-17,PRIMARY regional route/stop source supplied by user,
Sambalpur,AMA-SBP-205,205,UP,16,RAJA PADA,,,UNKNOWN,pdfodisha1.pdf,1,2026-08-17,PRIMARY regional route/stop source supplied by user,
Sambalpur,AMA-SBP-205,205,UP,17,HIRAKUD COLLEGE,,,UNKNOWN,pdfodisha1.pdf,1,2026-08-17,PRIMARY regional route/stop source supplied by user,
Sambalpur,AMA-SBP-205,205,UP,18,NUAGUJATAL,,,UNKNOWN,pdfodisha1.pdf,1,2026-08-17,PRIMARY regional route/stop source supplied by user,
Sambalpur,AMA-SBP-205,205,UP,19,NUAJAMADA CHOWK,,,UNKNOWN,pdfodisha1.pdf,1,2026-08-17,PRIMARY regional route/stop source supplied by user,
Sambalpur,AMA-SBP-205,205,UP,20,GUNDURUPADA,,,UNKNOWN,pdfodisha1.pdf,1,2026-08-17,PRIMARY regional route/stop source supplied by user,
Sambalpur,AMA-SBP-205,205,UP,21,ALIND CHOWK,,,UNKNOWN,pdfodisha1.pdf,1,2026-08-17,PRIMARY regional route/stop source supplied by user,
Sambalpur,AMA-SBP-205,205,UP,22,SMELTER MAIN GATE,,,UNKNOWN,pdfodisha1.pdf,1,2026-08-17,PRIMARY regional route/stop source supplied by user,
Sambalpur,AMA-SBP-205,205,UP,23,DURGA MANDIR CHOWK,,,UNKNOWN,pdfodisha1.pdf,1,2026-08-17,PRIMARY regional route/stop source supplied by user,
Sambalpur,AMA-SBP-205,205,UP,24,IDC CHOWK,,,UNKNOWN,pdfodisha1.pdf,1,2026-08-17,PRIMARY regional route/stop source supplied by user,
Sambalpur,AMA-SBP-205,205,UP,25,"SAMALESWARI TEMPLE, HIRAKUD",,,UNKNOWN,pdfodisha1.pdf,1,2026-08-17,PRIMARY regional route/stop source supplied by user,
Sambalpur,AMA-SBP-205,205,UP,26,ITI COLONY,,,UNKNOWN,pdfodisha1.pdf,1,2026-08-17,PRIMARY regional route/stop source supplied by user,
Sambalpur,AMA-SBP-205,205,UP,27,VSS CHOWK,,,UNKNOWN,pdfodisha1.pdf,1,2026-08-17,PRIMARY regional route/stop source supplied by user,
Sambalpur,AMA-SBP-205,205,UP,28,HIRAKUD SCHOOL,,,UNKNOWN,pdfodisha1.pdf,1,2026-08-17,PRIMARY regional route/stop source supplied by user,
Sambalpur,AMA-SBP-205,205,UP,29,HINDALCO CHOWK,,,UNKNOWN,pdfodisha1.pdf,1,2026-08-17,PRIMARY regional route/stop source supplied by user,
Sambalpur,AMA-SBP-205,205,UP,30,HIRAKUD P.S.,,,UNKNOWN,pdfodisha1.pdf,1,2026-08-17,PRIMARY regional route/stop source supplied by user,
Sambalpur,AMA-SBP-205,205,UP,31,HIL,,,UNKNOWN,pdfodisha1.pdf,1,2026-08-17,PRIMARY regional route/stop source supplied by user,
Sambalpur,AMA-SBP-205,205,UP,32,JHANKARPADA,,,UNKNOWN,pdfodisha1.pdf,1,2026-08-17,PRIMARY regional route/stop source supplied by user,
Sambalpur,AMA-SBP-205,205,UP,33,"SHAKTINAGAR, HIRAKUD",,,UNKNOWN,pdfodisha1.pdf,1,2026-08-17,PRIMARY regional route/stop source supplied by user,
Sambalpur,AMA-SBP-205,205,UP,34,NARADIHI,,,UNKNOWN,pdfodisha1.pdf,1,2026-08-17,PRIMARY regional route/stop source supplied by user,
Sambalpur,AMA-SBP-205,205,UP,35,NUAGUJATAL VILLAGE ROAD,,,UNKNOWN,pdfodisha1.pdf,1,2026-08-17,PRIMARY regional route/stop source supplied by user,
Sambalpur,AMA-SBP-205,205,UP,36,NUAJAMADA,,,UNKNOWN,pdfodisha1.pdf,1,2026-08-17,PRIMARY regional route/stop source supplied by user,
Sambalpur,AMA-SBP-208,208,DOWN,1,BURLA HOSPITAL,,,UNKNOWN,pdfodisha1.pdf,4,2026-08-17,PRIMARY regional route/stop source supplied by user,
Sambalpur,AMA-SBP-208,208,DOWN,2,DHANUPALI CHOWK,,,UNKNOWN,pdfodisha1.pdf,4,2026-08-17,PRIMARY regional route/stop source supplied by user,
Sambalpur,AMA-SBP-208,208,DOWN,3,BURLA HOSPITAL BACK GATE,,,UNKNOWN,pdfodisha1.pdf,4,2026-08-17,PRIMARY regional route/stop source supplied by user,
Sambalpur,AMA-SBP-208,208,DOWN,4,PHED OFFICE,,,UNKNOWN,pdfodisha1.pdf,4,2026-08-17,PRIMARY regional route/stop source supplied by user,
Sambalpur,AMA-SBP-208,208,DOWN,5,GANGADHAR MEHER CHOWK,,,UNKNOWN,pdfodisha1.pdf,4,2026-08-17,PRIMARY regional route/stop source supplied by user,
Sambalpur,AMA-SBP-208,208,DOWN,6,GARGI LADIES HOSTEL,,,UNKNOWN,pdfodisha1.pdf,4,2026-08-17,PRIMARY regional route/stop source supplied by user,
Sambalpur,AMA-SBP-208,208,DOWN,7,"MEDICAL CHOWK,BURLA",,,UNKNOWN,pdfodisha1.pdf,4,2026-08-17,PRIMARY regional route/stop source supplied by user,
Sambalpur,AMA-SBP-208,208,DOWN,8,SOURAV VIHAR,,,UNKNOWN,pdfodisha1.pdf,4,2026-08-17,PRIMARY regional route/stop source supplied by user,
Sambalpur,AMA-SBP-208,208,DOWN,9,KIRBA CHOWK,,,UNKNOWN,pdfodisha1.pdf,4,2026-08-17,PRIMARY regional route/stop source supplied by user,
Sambalpur,AMA-SBP-208,208,DOWN,10,"VSSUT, BURLA",,,UNKNOWN,pdfodisha1.pdf,4,2026-08-17,PRIMARY regional route/stop source supplied by user,
Sambalpur,AMA-SBP-208,208,DOWN,11,"MCL,ANAND VIHAR",,,UNKNOWN,pdfodisha1.pdf,4,2026-08-17,PRIMARY regional route/stop source supplied by user,
Sambalpur,AMA-SBP-208,208,DOWN,12,P.C BRIDGE CHOWK,,,UNKNOWN,pdfodisha1.pdf,4,2026-08-17,PRIMARY regional route/stop source supplied by user,
Sambalpur,AMA-SBP-208,208,DOWN,13,MCL CHOWK,,,UNKNOWN,pdfodisha1.pdf,4,2026-08-17,PRIMARY regional route/stop source supplied by user,
Sambalpur,AMA-SBP-208,208,DOWN,14,P.C BRIDGE CHOWK,,,UNKNOWN,pdfodisha1.pdf,4,2026-08-17,PRIMARY regional route/stop source supplied by user,
Sambalpur,AMA-SBP-208,208,DOWN,15,GOHIRA TIKIRA,,,UNKNOWN,pdfodisha1.pdf,4,2026-08-17,PRIMARY regional route/stop source supplied by user,
Sambalpur,AMA-SBP-208,208,DOWN,16,LAKSHMI DUNGURI CHOWK,,,UNKNOWN,pdfodisha1.pdf,4,2026-08-17,PRIMARY regional route/stop source supplied by user,
Sambalpur,AMA-SBP-208,208,DOWN,17,MAHINDRA SHOWROOM,,,UNKNOWN,pdfodisha1.pdf,4,2026-08-17,PRIMARY regional route/stop source supplied by user,
Sambalpur,AMA-SBP-208,208,DOWN,18,REMED CHOWK,,,UNKNOWN,pdfodisha1.pdf,4,2026-08-17,PRIMARY regional route/stop source supplied by user,
Sambalpur,AMA-SBP-208,208,DOWN,19,GOPALPALI,,,UNKNOWN,pdfodisha1.pdf,4,2026-08-17,PRIMARY regional route/stop source supplied by user,
Sambalpur,AMA-SBP-208,208,DOWN,20,RMC OFFICE,,,UNKNOWN,pdfodisha1.pdf,4,2026-08-17,PRIMARY regional route/stop source supplied by user,
Sambalpur,AMA-SBP-208,208,DOWN,21,DUANPALI ROAD,,,UNKNOWN,pdfodisha1.pdf,4,2026-08-17,PRIMARY regional route/stop source supplied by user,
Sambalpur,AMA-SBP-208,208,DOWN,22,BAREIPALI,,,UNKNOWN,pdfodisha1.pdf,4,2026-08-17,PRIMARY regional route/stop source supplied by user,
Sambalpur,AMA-SBP-208,208,DOWN,23,VIKASH SCHOOL,,,UNKNOWN,pdfodisha1.pdf,4,2026-08-17,PRIMARY regional route/stop source supplied by user,
Sambalpur,AMA-SBP-208,208,DOWN,24,SP VIGILANCE OFFICE,,,UNKNOWN,pdfodisha1.pdf,4,2026-08-17,PRIMARY regional route/stop source supplied by user,
Sambalpur,AMA-SBP-208,208,DOWN,25,MOTIJHARAN CHOWK,,,UNKNOWN,pdfodisha1.pdf,4,2026-08-17,PRIMARY regional route/stop source supplied by user,
Sambalpur,AMA-SBP-208,208,DOWN,26,GOVT. WOMEN COLLEGE,,,UNKNOWN,pdfodisha1.pdf,4,2026-08-17,PRIMARY regional route/stop source supplied by user,
Sambalpur,AMA-SBP-208,208,DOWN,27,ECHS POLYCLINIC,,,UNKNOWN,pdfodisha1.pdf,4,2026-08-17,PRIMARY regional route/stop source supplied by user,
Sambalpur,AMA-SBP-208,208,DOWN,28,GOVT. WOMEN COLLEGE,,,UNKNOWN,pdfodisha1.pdf,4,2026-08-17,PRIMARY regional route/stop source supplied by user,
Sambalpur,AMA-SBP-208,208,DOWN,29,MOTIJHARAN CHOWK,,,UNKNOWN,pdfodisha1.pdf,4,2026-08-17,PRIMARY regional route/stop source supplied by user,
Sambalpur,AMA-SBP-208,208,DOWN,30,SP VIGILANCE OFFICE,,,UNKNOWN,pdfodisha1.pdf,4,2026-08-17,PRIMARY regional route/stop source supplied by user,
Sambalpur,AMA-SBP-208,208,DOWN,31,RAZA NAGAR CHOWK,,,UNKNOWN,pdfodisha1.pdf,4,2026-08-17,PRIMARY regional route/stop source supplied by user,
Sambalpur,AMA-SBP-208,208,DOWN,32,DEER PARK SQUARE,,,UNKNOWN,pdfodisha1.pdf,4,2026-08-17,PRIMARY regional route/stop source supplied by user,
Sambalpur,AMA-SBP-208,208,DOWN,33,SONAPALI CHOWK,,,UNKNOWN,pdfodisha1.pdf,4,2026-08-17,PRIMARY regional route/stop source supplied by user,
Sambalpur,AMA-SBP-208,208,DOWN,34,DHANKAUDA FIELD,,,UNKNOWN,pdfodisha1.pdf,4,2026-08-17,PRIMARY regional route/stop source supplied by user,
Sambalpur,AMA-SBP-208,208,DOWN,35,DHANKAUDA HIGH SCHOOL,,,UNKNOWN,pdfodisha1.pdf,4,2026-08-17,PRIMARY regional route/stop source supplied by user,
Sambalpur,AMA-SBP-208,208,DOWN,36,UPHC DHANKAUDA,,,UNKNOWN,pdfodisha1.pdf,4,2026-08-17,PRIMARY regional route/stop source supplied by user,
Sambalpur,AMA-SBP-208,208,DOWN,37,DHANKAUDA CHOWK,,,UNKNOWN,pdfodisha1.pdf,4,2026-08-17,PRIMARY regional route/stop source supplied by user,
Sambalpur,AMA-SBP-208,208,DOWN,38,CITY RAILWAY STATION SQUARE,,,UNKNOWN,pdfodisha1.pdf,4,2026-08-17,PRIMARY regional route/stop source supplied by user,
Sambalpur,AMA-SBP-208,208,DOWN,39,SAKHIPADA,,,UNKNOWN,pdfodisha1.pdf,4,2026-08-17,PRIMARY regional route/stop source supplied by user,
Sambalpur,AMA-SBP-208,208,DOWN,40,AMRUTH VIHAR,,,UNKNOWN,pdfodisha1.pdf,4,2026-08-17,PRIMARY regional route/stop source supplied by user,
Sambalpur,AMA-SBP-208,208,DOWN,41,"BIRSA MUNDA CHOWK, AINTHAPALI",,,UNKNOWN,pdfodisha1.pdf,4,2026-08-17,PRIMARY regional route/stop source supplied by user,
Sambalpur,AMA-SBP-208,208,DOWN,42,AINTHAPALI CHOWK,,,UNKNOWN,pdfodisha1.pdf,4,2026-08-17,PRIMARY regional route/stop source supplied by user,
Sambalpur,AMA-SBP-208,208,DOWN,43,AINTHAPALI BUS TERMINAL,,,UNKNOWN,pdfodisha1.pdf,4,2026-08-17,PRIMARY regional route/stop source supplied by user,
Sambalpur,AMA-SBP-208,208,DOWN,44,SIDHESWAR TEMPLE CHOWK,,,UNKNOWN,pdfodisha1.pdf,4,2026-08-17,PRIMARY regional route/stop source supplied by user,
Sambalpur,AMA-SBP-208,208,DOWN,45,PANCHAGOCHHIA,,,UNKNOWN,pdfodisha1.pdf,4,2026-08-17,PRIMARY regional route/stop source supplied by user,
Sambalpur,AMA-SBP-208,208,DOWN,46,RAZA NAGAR CHOWK,,,UNKNOWN,pdfodisha1.pdf,4,2026-08-17,PRIMARY regional route/stop source supplied by user,
Sambalpur,AMA-SBP-208,208,DOWN,47,DEER PARK SQUARE,,,UNKNOWN,pdfodisha1.pdf,4,2026-08-17,PRIMARY regional route/stop source supplied by user,
Sambalpur,AMA-SBP-208,208,DOWN,48,SONAPALI CHOWK,,,UNKNOWN,pdfodisha1.pdf,4,2026-08-17,PRIMARY regional route/stop source supplied by user,
Sambalpur,AMA-SBP-208,208,DOWN,49,DHANKAUDA FIELD,,,UNKNOWN,pdfodisha1.pdf,4,2026-08-17,PRIMARY regional route/stop source supplied by user,
Sambalpur,AMA-SBP-208,208,DOWN,50,GENGUTIPALI U P SCHOOL,,,UNKNOWN,pdfodisha1.pdf,4,2026-08-17,PRIMARY regional route/stop source supplied by user,
Sambalpur,AMA-SBP-208,208,DOWN,51,GENGUTIPALI CHOWK,,,UNKNOWN,pdfodisha1.pdf,4,2026-08-17,PRIMARY regional route/stop source supplied by user,
Sambalpur,AMA-SBP-208,208,DOWN,52,SHIV MANDIR CHOWK,,,UNKNOWN,pdfodisha1.pdf,4,2026-08-17,PRIMARY regional route/stop source supplied by user,
Sambalpur,AMA-SBP-208,208,DOWN,53,SHREE RAM CHOWK,,,UNKNOWN,pdfodisha1.pdf,4,2026-08-17,PRIMARY regional route/stop source supplied by user,
Sambalpur,AMA-SBP-208,208,DOWN,54,NSCB COLLEGE,,,UNKNOWN,pdfodisha1.pdf,4,2026-08-17,PRIMARY regional route/stop source supplied by user,
Sambalpur,AMA-SBP-208,208,DOWN,55,NSCB COLLEGE BYPASS,,,UNKNOWN,pdfodisha1.pdf,4,2026-08-17,PRIMARY regional route/stop source supplied by user,
Sambalpur,AMA-SBP-208,208,DOWN,56,NSCB COLLEGE,,,UNKNOWN,pdfodisha1.pdf,4,2026-08-17,PRIMARY regional route/stop source supplied by user,
Sambalpur,AMA-SBP-208,208,DOWN,57,SHREE RAM CHOWK,,,UNKNOWN,pdfodisha1.pdf,4,2026-08-17,PRIMARY regional route/stop source supplied by user,
Sambalpur,AMA-SBP-208,208,DOWN,58,MARUTI VIHAR,,,UNKNOWN,pdfodisha1.pdf,4,2026-08-17,PRIMARY regional route/stop source supplied by user,
Sambalpur,AMA-SBP-208,208,DOWN,59,KULUTHKANI CHOWK,,,UNKNOWN,pdfodisha1.pdf,4,2026-08-17,PRIMARY regional route/stop source supplied by user,
Sambalpur,AMA-SBP-208,208,DOWN,60,HANUMAN MANDIR CHOWK,,,UNKNOWN,pdfodisha1.pdf,4,2026-08-17,PRIMARY regional route/stop source supplied by user,
Sambalpur,AMA-SBP-208,208,DOWN,61,CHARBHATI CHOWK,,,UNKNOWN,pdfodisha1.pdf,4,2026-08-17,PRIMARY regional route/stop source supplied by user,
Sambalpur,AMA-SBP-208,208,DOWN,62,GOVINDTOLA DURGA MANDAP,,,UNKNOWN,pdfodisha1.pdf,4,2026-08-17,PRIMARY regional route/stop source supplied by user,
Sambalpur,AMA-SBP-208,208,DOWN,63,"PETROL PUMP, GOVINDTOLA",,,UNKNOWN,pdfodisha1.pdf,4,2026-08-17,PRIMARY regional route/stop source supplied by user,
Sambalpur,AMA-SBP-208,208,DOWN,64,DHANUPALI SQUARE,,,UNKNOWN,pdfodisha1.pdf,4,2026-08-17,PRIMARY regional route/stop source supplied by user,
Sambalpur,AMA-SBP-208,208,DOWN,65,MAHAVIR SQUARE,,,UNKNOWN,pdfodisha1.pdf,4,2026-08-17,PRIMARY regional route/stop source supplied by user,
Sambalpur,AMA-SBP-208,208,UP,1,MAHAVIR SQUARE,,,UNKNOWN,pdfodisha1.pdf,3,2026-08-17,PRIMARY regional route/stop source supplied by user,
Sambalpur,AMA-SBP-208,208,UP,2,DHANUPALI SQUARE,,,UNKNOWN,pdfodisha1.pdf,3,2026-08-17,PRIMARY regional route/stop source supplied by user,
Sambalpur,AMA-SBP-208,208,UP,3,"PETROL PUMP, GOVINDTOLA",,,UNKNOWN,pdfodisha1.pdf,3,2026-08-17,PRIMARY regional route/stop source supplied by user,
Sambalpur,AMA-SBP-208,208,UP,4,GOVINDTOLA DURGA MANDAP,,,UNKNOWN,pdfodisha1.pdf,3,2026-08-17,PRIMARY regional route/stop source supplied by user,
Sambalpur,AMA-SBP-208,208,UP,5,CHARBHATI CHOWK,,,UNKNOWN,pdfodisha1.pdf,3,2026-08-17,PRIMARY regional route/stop source supplied by user,
Sambalpur,AMA-SBP-208,208,UP,6,HANUMAN MANDIR CHOWK,,,UNKNOWN,pdfodisha1.pdf,3,2026-08-17,PRIMARY regional route/stop source supplied by user,
Sambalpur,AMA-SBP-208,208,UP,7,KULUTHKANI CHOWK,,,UNKNOWN,pdfodisha1.pdf,3,2026-08-17,PRIMARY regional route/stop source supplied by user,
Sambalpur,AMA-SBP-208,208,UP,8,MARUTI VIHAR,,,UNKNOWN,pdfodisha1.pdf,3,2026-08-17,PRIMARY regional route/stop source supplied by user,
Sambalpur,AMA-SBP-208,208,UP,9,SHREE RAM CHOWK,,,UNKNOWN,pdfodisha1.pdf,3,2026-08-17,PRIMARY regional route/stop source supplied by user,
Sambalpur,AMA-SBP-208,208,UP,10,NSCB COLLEGE,,,UNKNOWN,pdfodisha1.pdf,3,2026-08-17,PRIMARY regional route/stop source supplied by user,
Sambalpur,AMA-SBP-208,208,UP,11,NSCB COLLEGE BYPASS,,,UNKNOWN,pdfodisha1.pdf,3,2026-08-17,PRIMARY regional route/stop source supplied by user,
Sambalpur,AMA-SBP-208,208,UP,12,NSCB COLLEGE,,,UNKNOWN,pdfodisha1.pdf,3,2026-08-17,PRIMARY regional route/stop source supplied by user,
Sambalpur,AMA-SBP-208,208,UP,13,SHREE RAM CHOWK,,,UNKNOWN,pdfodisha1.pdf,3,2026-08-17,PRIMARY regional route/stop source supplied by user,
Sambalpur,AMA-SBP-208,208,UP,14,SHIV MANDIR CHOWK,,,UNKNOWN,pdfodisha1.pdf,3,2026-08-17,PRIMARY regional route/stop source supplied by user,
Sambalpur,AMA-SBP-208,208,UP,15,GENGUTIPALI CHOWK,,,UNKNOWN,pdfodisha1.pdf,3,2026-08-17,PRIMARY regional route/stop source supplied by user,
Sambalpur,AMA-SBP-208,208,UP,16,GENGUTIPALI U P SCHOOL,,,UNKNOWN,pdfodisha1.pdf,3,2026-08-17,PRIMARY regional route/stop source supplied by user,
Sambalpur,AMA-SBP-208,208,UP,17,DHANKAUDA FIELD,,,UNKNOWN,pdfodisha1.pdf,3,2026-08-17,PRIMARY regional route/stop source supplied by user,
Sambalpur,AMA-SBP-208,208,UP,18,SONAPALI CHOWK,,,UNKNOWN,pdfodisha1.pdf,3,2026-08-17,PRIMARY regional route/stop source supplied by user,
Sambalpur,AMA-SBP-208,208,UP,19,DEER PARK SQUARE,,,UNKNOWN,pdfodisha1.pdf,3,2026-08-17,PRIMARY regional route/stop source supplied by user,
Sambalpur,AMA-SBP-208,208,UP,20,RAZA NAGAR CHOWK,,,UNKNOWN,pdfodisha1.pdf,3,2026-08-17,PRIMARY regional route/stop source supplied by user,
Sambalpur,AMA-SBP-208,208,UP,21,SP VIGILANCE OFFICE,,,UNKNOWN,pdfodisha1.pdf,3,2026-08-17,PRIMARY regional route/stop source supplied by user,
Sambalpur,AMA-SBP-208,208,UP,22,AINTHAPALI CHOWK,,,UNKNOWN,pdfodisha1.pdf,3,2026-08-17,PRIMARY regional route/stop source supplied by user,
Sambalpur,AMA-SBP-208,208,UP,23,AINTHAPALI BUS TERMINAL,,,UNKNOWN,pdfodisha1.pdf,3,2026-08-17,PRIMARY regional route/stop source supplied by user,
Sambalpur,AMA-SBP-208,208,UP,24,AINTHAPALI CHOWK,,,UNKNOWN,pdfodisha1.pdf,3,2026-08-17,PRIMARY regional route/stop source supplied by user,
Sambalpur,AMA-SBP-208,208,UP,25,"BIRSA MUNDA CHOWK, AINTHAPALI",,,UNKNOWN,pdfodisha1.pdf,3,2026-08-17,PRIMARY regional route/stop source supplied by user,
Sambalpur,AMA-SBP-208,208,UP,26,AMRUTH VIHAR,,,UNKNOWN,pdfodisha1.pdf,3,2026-08-17,PRIMARY regional route/stop source supplied by user,
Sambalpur,AMA-SBP-208,208,UP,27,SAKHIPADA,,,UNKNOWN,pdfodisha1.pdf,3,2026-08-17,PRIMARY regional route/stop source supplied by user,
Sambalpur,AMA-SBP-208,208,UP,28,CITY RAILWAY STATION SQUARE,,,UNKNOWN,pdfodisha1.pdf,3,2026-08-17,PRIMARY regional route/stop source supplied by user,
Sambalpur,AMA-SBP-208,208,UP,29,DHANKAUDA CHOWK,,,UNKNOWN,pdfodisha1.pdf,3,2026-08-17,PRIMARY regional route/stop source supplied by user,
Sambalpur,AMA-SBP-208,208,UP,30,UPHC DHANKAUDA,,,UNKNOWN,pdfodisha1.pdf,3,2026-08-17,PRIMARY regional route/stop source supplied by user,
Sambalpur,AMA-SBP-208,208,UP,31,DHANKAUDA HIGH SCHOOL,,,UNKNOWN,pdfodisha1.pdf,3,2026-08-17,PRIMARY regional route/stop source supplied by user,
Sambalpur,AMA-SBP-208,208,UP,32,DHANKAUDA FIELD,,,UNKNOWN,pdfodisha1.pdf,3,2026-08-17,PRIMARY regional route/stop source supplied by user,
Sambalpur,AMA-SBP-208,208,UP,33,SONAPALI CHOWK,,,UNKNOWN,pdfodisha1.pdf,3,2026-08-17,PRIMARY regional route/stop source supplied by user,
Sambalpur,AMA-SBP-208,208,UP,34,DEER PARK SQUARE,,,UNKNOWN,pdfodisha1.pdf,3,2026-08-17,PRIMARY regional route/stop source supplied by user,
Sambalpur,AMA-SBP-208,208,UP,35,RAZA NAGAR CHOWK,,,UNKNOWN,pdfodisha1.pdf,3,2026-08-17,PRIMARY regional route/stop source supplied by user,
Sambalpur,AMA-SBP-208,208,UP,36,MOTIJHARAN CHOWK,,,UNKNOWN,pdfodisha1.pdf,3,2026-08-17,PRIMARY regional route/stop source supplied by user,
Sambalpur,AMA-SBP-208,208,UP,37,GOVT. WOMEN'S COLLEGE,,,UNKNOWN,pdfodisha1.pdf,3,2026-08-17,PRIMARY regional route/stop source supplied by user,
Sambalpur,AMA-SBP-208,208,UP,38,ECHS POLYCLINIC,,,UNKNOWN,pdfodisha1.pdf,3,2026-08-17,PRIMARY regional route/stop source supplied by user,
Sambalpur,AMA-SBP-208,208,UP,39,BHUTAPADA CHOWK,,,UNKNOWN,pdfodisha1.pdf,3,2026-08-17,PRIMARY regional route/stop source supplied by user,
Sambalpur,AMA-SBP-208,208,UP,40,ECHS POLYCLINIC,,,UNKNOWN,pdfodisha1.pdf,3,2026-08-17,PRIMARY regional route/stop source supplied by user,
Sambalpur,AMA-SBP-208,208,UP,41,GOVT. WOMEN'S COLLEGE,,,UNKNOWN,pdfodisha1.pdf,3,2026-08-17,PRIMARY regional route/stop source supplied by user,
Sambalpur,AMA-SBP-208,208,UP,42,MOTIJHARAN CHOWK,,,UNKNOWN,pdfodisha1.pdf,3,2026-08-17,PRIMARY regional route/stop source supplied by user,
Sambalpur,AMA-SBP-208,208,UP,43,TPWODL CHOWK,,,UNKNOWN,pdfodisha1.pdf,3,2026-08-17,PRIMARY regional route/stop source supplied by user,
Sambalpur,AMA-SBP-208,208,UP,44,PANCHAGOCHHIA,,,UNKNOWN,pdfodisha1.pdf,3,2026-08-17,PRIMARY regional route/stop source supplied by user,
Sambalpur,AMA-SBP-208,208,UP,45,VIKASH SCHOOL,,,UNKNOWN,pdfodisha1.pdf,3,2026-08-17,PRIMARY regional route/stop source supplied by user,
Sambalpur,AMA-SBP-208,208,UP,46,BAREIPALI,,,UNKNOWN,pdfodisha1.pdf,3,2026-08-17,PRIMARY regional route/stop source supplied by user,
Sambalpur,AMA-SBP-208,208,UP,47,TRUCK ASSOCIATION,,,UNKNOWN,pdfodisha1.pdf,3,2026-08-17,PRIMARY regional route/stop source supplied by user,
Sambalpur,AMA-SBP-208,208,UP,48,RMC OFFICE,,,UNKNOWN,pdfodisha1.pdf,3,2026-08-17,PRIMARY regional route/stop source supplied by user,
Sambalpur,AMA-SBP-208,208,UP,49,GOPALPALI,,,UNKNOWN,pdfodisha1.pdf,3,2026-08-17,PRIMARY regional route/stop source supplied by user,
Sambalpur,AMA-SBP-208,208,UP,50,REMED CHOWK,,,UNKNOWN,pdfodisha1.pdf,3,2026-08-17,PRIMARY regional route/stop source supplied by user,
Sambalpur,AMA-SBP-208,208,UP,51,MAHINDRA SHOWROOM,,,UNKNOWN,pdfodisha1.pdf,3,2026-08-17,PRIMARY regional route/stop source supplied by user,
Sambalpur,AMA-SBP-208,208,UP,52,LAKSHMI DUNGURI CHOWK,,,UNKNOWN,pdfodisha1.pdf,3,2026-08-17,PRIMARY regional route/stop source supplied by user,
Sambalpur,AMA-SBP-208,208,UP,53,GOHIRA TIKIRA,,,UNKNOWN,pdfodisha1.pdf,3,2026-08-17,PRIMARY regional route/stop source supplied by user,
Sambalpur,AMA-SBP-208,208,UP,54,P.C BRIDGE CHOWK,,,UNKNOWN,pdfodisha1.pdf,3,2026-08-17,PRIMARY regional route/stop source supplied by user,
Sambalpur,AMA-SBP-208,208,UP,55,"MCL,ANAND VIHAR",,,UNKNOWN,pdfodisha1.pdf,3,2026-08-17,PRIMARY regional route/stop source supplied by user,
Sambalpur,AMA-SBP-208,208,UP,56,"VSSUT, BURLA",,,UNKNOWN,pdfodisha1.pdf,3,2026-08-17,PRIMARY regional route/stop source supplied by user,
Sambalpur,AMA-SBP-208,208,UP,57,KIRBA CHOWK,,,UNKNOWN,pdfodisha1.pdf,3,2026-08-17,PRIMARY regional route/stop source supplied by user,
Sambalpur,AMA-SBP-208,208,UP,58,SOURAV VIHAR,,,UNKNOWN,pdfodisha1.pdf,3,2026-08-17,PRIMARY regional route/stop source supplied by user,
Sambalpur,AMA-SBP-208,208,UP,59,"MEDICAL CHOWK,BURLA",,,UNKNOWN,pdfodisha1.pdf,3,2026-08-17,PRIMARY regional route/stop source supplied by user,
Sambalpur,AMA-SBP-208,208,UP,60,GARGI LADIES HOSTEL,,,UNKNOWN,pdfodisha1.pdf,3,2026-08-17,PRIMARY regional route/stop source supplied by user,
Sambalpur,AMA-SBP-208,208,UP,61,GANGADHAR MEHER CHOWK,,,UNKNOWN,pdfodisha1.pdf,3,2026-08-17,PRIMARY regional route/stop source supplied by user,
Sambalpur,AMA-SBP-208,208,UP,62,PHED OFFICE,,,UNKNOWN,pdfodisha1.pdf,3,2026-08-17,PRIMARY regional route/stop source supplied by user,
Sambalpur,AMA-SBP-208,208,UP,63,BURLA HOSPITAL BACK GATE,,,UNKNOWN,pdfodisha1.pdf,3,2026-08-17,PRIMARY regional route/stop source supplied by user,
Sambalpur,AMA-SBP-208,208,UP,64,DHANUPALI CHOWK,,,UNKNOWN,pdfodisha1.pdf,3,2026-08-17,PRIMARY regional route/stop source supplied by user,
Sambalpur,AMA-SBP-208,208,UP,65,BURLA HOSPITAL,,,UNKNOWN,pdfodisha1.pdf,3,2026-08-17,PRIMARY regional route/stop source supplied by user,
Sambalpur,AMA-SBP-210,210,UP,1,AINTHAPALI BUS TERMINAL,,,UNKNOWN,pdfodisha1.pdf,5,2026-08-17,PRIMARY regional route/stop source supplied by user,
Sambalpur,AMA-SBP-210,210,UP,2,AINTHAPALI CHOWK,,,UNKNOWN,pdfodisha1.pdf,5,2026-08-17,PRIMARY regional route/stop source supplied by user,
Sambalpur,AMA-SBP-210,210,UP,3,KARAM TOLI,,,UNKNOWN,pdfodisha1.pdf,5,2026-08-17,PRIMARY regional route/stop source supplied by user,
Sambalpur,AMA-SBP-210,210,UP,4,CITY PALACE,,,UNKNOWN,pdfodisha1.pdf,5,2026-08-17,PRIMARY regional route/stop source supplied by user,
Sambalpur,AMA-SBP-210,210,UP,5,GAYATRI COLONY,,,UNKNOWN,pdfodisha1.pdf,5,2026-08-17,PRIMARY regional route/stop source supplied by user,
Sambalpur,AMA-SBP-210,210,UP,6,LIC COLONY,,,UNKNOWN,pdfodisha1.pdf,5,2026-08-17,PRIMARY regional route/stop source supplied by user,
Sambalpur,AMA-SBP-210,210,UP,7,MASTER COLONY,,,UNKNOWN,pdfodisha1.pdf,5,2026-08-17,PRIMARY regional route/stop source supplied by user,
Sambalpur,AMA-SBP-210,210,UP,8,KAINSIR VILLAGE ROAD,,,UNKNOWN,pdfodisha1.pdf,5,2026-08-17,PRIMARY regional route/stop source supplied by user,
Sambalpur,AMA-SBP-210,210,UP,9,SINGHPALI CHOWK,,,UNKNOWN,pdfodisha1.pdf,5,2026-08-17,PRIMARY regional route/stop source supplied by user,
Sambalpur,AMA-SBP-210,210,UP,10,MAHAVIR CHOWK,,,UNKNOWN,pdfodisha1.pdf,5,2026-08-17,PRIMARY regional route/stop source supplied by user,
Sambalpur,AMA-SBP-210,210,UP,11,JAMADARPALI DYKE,,,UNKNOWN,pdfodisha1.pdf,5,2026-08-17,PRIMARY regional route/stop source supplied by user,
Sambalpur,AMA-SBP-210,210,UP,12,GAYATRI NURSING COLLEGE CHOWK,,,UNKNOWN,pdfodisha1.pdf,5,2026-08-17,PRIMARY regional route/stop source supplied by user,
Sambalpur,AMA-SBP-210,210,UP,13,JAMADARPALI VILLAGE,,,UNKNOWN,pdfodisha1.pdf,5,2026-08-17,PRIMARY regional route/stop source supplied by user,
Sambalpur,AMA-SBP-210,210,UP,14,JATTU PADA,,,UNKNOWN,pdfodisha1.pdf,5,2026-08-17,PRIMARY regional route/stop source supplied by user,
Sambalpur,AMA-SBP-210,210,UP,15,DALE PADA,,,UNKNOWN,pdfodisha1.pdf,5,2026-08-17,PRIMARY regional route/stop source supplied by user,
Sambalpur,AMA-SBP-210,210,UP,16,TIPU PADA,,,UNKNOWN,pdfodisha1.pdf,5,2026-08-17,PRIMARY regional route/stop source supplied by user,
Sambalpur,AMA-SBP-210,210,UP,17,JOGIPALI CHOWK,,,UNKNOWN,pdfodisha1.pdf,5,2026-08-17,PRIMARY regional route/stop source supplied by user,
Sambalpur,AMA-SBP-210,210,UP,18,DANIEL PUBLIC SCHOOL,,,UNKNOWN,pdfodisha1.pdf,5,2026-08-17,PRIMARY regional route/stop source supplied by user,
Sambalpur,AMA-SBP-210,210,UP,19,ANISHA LADIES HOSTEL,,,UNKNOWN,pdfodisha1.pdf,5,2026-08-17,PRIMARY regional route/stop source supplied by user,
Sambalpur,AMA-SBP-211,211,UP,1,AINTHAPALI BUS TERMINAL,,,UNKNOWN,pdfodisha1.pdf,6,2026-08-17,PRIMARY regional route/stop source supplied by user,
Sambalpur,AMA-SBP-211,211,UP,2,AINTHAPALI CHOWK,,,UNKNOWN,pdfodisha1.pdf,6,2026-08-17,PRIMARY regional route/stop source supplied by user,
Sambalpur,AMA-SBP-211,211,UP,3,BIRSA MUNDA CHOWK,,,UNKNOWN,pdfodisha1.pdf,6,2026-08-17,PRIMARY regional route/stop source supplied by user,
Sambalpur,AMA-SBP-211,211,UP,4,SRIRAM VIHAR,,,UNKNOWN,pdfodisha1.pdf,6,2026-08-17,PRIMARY regional route/stop source supplied by user,
Sambalpur,AMA-SBP-211,211,UP,5,KAMAKHYA TEMPLE MALIPALI,,,UNKNOWN,pdfodisha1.pdf,6,2026-08-17,PRIMARY regional route/stop source supplied by user,
Sambalpur,AMA-SBP-211,211,UP,6,BHALUPALI,,,UNKNOWN,pdfodisha1.pdf,6,2026-08-17,PRIMARY regional route/stop source supplied by user,
Sambalpur,AMA-SBP-211,211,UP,7,BAIDARNUAPALI,,,UNKNOWN,pdfodisha1.pdf,6,2026-08-17,PRIMARY regional route/stop source supplied by user,
Sambalpur,AMA-SBP-211,211,UP,8,FISHERIES OFFICE,,,UNKNOWN,pdfodisha1.pdf,6,2026-08-17,PRIMARY regional route/stop source supplied by user,
Sambalpur,AMA-SBP-211,211,UP,9,PARDHIAPALI,,,UNKNOWN,pdfodisha1.pdf,6,2026-08-17,PRIMARY regional route/stop source supplied by user,
Sambalpur,AMA-SBP-211,211,UP,10,PARDHIAPALI ROAD,,,UNKNOWN,pdfodisha1.pdf,6,2026-08-17,PRIMARY regional route/stop source supplied by user,
Sambalpur,AMA-SBP-211,211,UP,11,KIA SAMBALPUR,,,UNKNOWN,pdfodisha1.pdf,6,2026-08-17,PRIMARY regional route/stop source supplied by user,
Sambalpur,AMA-SBP-211,211,UP,12,GUPTESWAR NAGAR,,,UNKNOWN,pdfodisha1.pdf,6,2026-08-17,PRIMARY regional route/stop source supplied by user,
Sambalpur,AMA-SBP-211,211,UP,13,RENGALI FIRE OFFICE,,,UNKNOWN,pdfodisha1.pdf,6,2026-08-17,PRIMARY regional route/stop source supplied by user,
Sambalpur,AMA-SBP-211,211,UP,14,TALAB,,,UNKNOWN,pdfodisha1.pdf,6,2026-08-17,PRIMARY regional route/stop source supplied by user,
Sambalpur,AMA-SBP-211,211,UP,15,HANUMAN TEMPLE DEBEIPALI,,,UNKNOWN,pdfodisha1.pdf,6,2026-08-17,PRIMARY regional route/stop source supplied by user,
Sambalpur,AMA-SBP-211,211,UP,16,CHC DEBEIPALI,,,UNKNOWN,pdfodisha1.pdf,6,2026-08-17,PRIMARY regional route/stop source supplied by user,
Sambalpur,AMA-SBP-211,211,UP,17,BADRIPRASAD COLLEGE,,,UNKNOWN,pdfodisha1.pdf,6,2026-08-17,PRIMARY regional route/stop source supplied by user,
Sambalpur,AMA-SBP-211,211,UP,18,SASON VILLAGE ROAD,,,UNKNOWN,pdfodisha1.pdf,6,2026-08-17,PRIMARY regional route/stop source supplied by user,
Sambalpur,AMA-SBP-211,211,UP,19,KANKHINDA,,,UNKNOWN,pdfodisha1.pdf,6,2026-08-17,PRIMARY regional route/stop source supplied by user,
Sambalpur,AMA-SBP-211,211,UP,20,VIKASH SCHOOL,,,UNKNOWN,pdfodisha1.pdf,6,2026-08-17,PRIMARY regional route/stop source supplied by user,
Sambalpur,AMA-SBP-211,211,UP,21,AMBA PADA,,,UNKNOWN,pdfodisha1.pdf,6,2026-08-17,PRIMARY regional route/stop source supplied by user,
Sambalpur,AMA-SBP-211,211,UP,22,BHALUBAHAL,,,UNKNOWN,pdfodisha1.pdf,6,2026-08-17,PRIMARY regional route/stop source supplied by user,
Sambalpur,AMA-SBP-211,211,UP,23,SASON TOLL GATE,,,UNKNOWN,pdfodisha1.pdf,6,2026-08-17,PRIMARY regional route/stop source supplied by user,
Sambalpur,AMA-SBP-211,211,UP,24,PRADHANPALI ROAD,,,UNKNOWN,pdfodisha1.pdf,6,2026-08-17,PRIMARY regional route/stop source supplied by user,
Sambalpur,AMA-SBP-211,211,UP,25,KILASAMA ROAD,,,UNKNOWN,pdfodisha1.pdf,6,2026-08-17,PRIMARY regional route/stop source supplied by user,
Sambalpur,AMA-SBP-211,211,UP,26,NUARAMPELA,,,UNKNOWN,pdfodisha1.pdf,6,2026-08-17,PRIMARY regional route/stop source supplied by user,
Sambalpur,AMA-SBP-211,211,UP,27,POLICE STATION RENGALI,,,UNKNOWN,pdfodisha1.pdf,6,2026-08-17,PRIMARY regional route/stop source supplied by user,
Sambalpur,AMA-SBP-211,211,UP,28,RENGALI BYPASS SQUARE,,,UNKNOWN,pdfodisha1.pdf,6,2026-08-17,PRIMARY regional route/stop source supplied by user,
Sambalpur,AMA-SBP-211,211,UP,29,CHC RENGALI,,,UNKNOWN,pdfodisha1.pdf,6,2026-08-17,PRIMARY regional route/stop source supplied by user,
Sambalpur,AMA-SBP-211,211,UP,30,BUS STAND RENGALI,,,UNKNOWN,pdfodisha1.pdf,6,2026-08-17,PRIMARY regional route/stop source supplied by user,
Sambalpur,AMA-SBP-211,211,UP,31,HANUMAN TEMPLE RENGALI,,,UNKNOWN,pdfodisha1.pdf,6,2026-08-17,PRIMARY regional route/stop source supplied by user,
Sambalpur,AMA-SBP-211,211,UP,32,PURUNA BASTI,,,UNKNOWN,pdfodisha1.pdf,6,2026-08-17,PRIMARY regional route/stop source supplied by user,
Sambalpur,AMA-SBP-211,211,UP,33,RAMCHANDRA NAGAR,,,UNKNOWN,pdfodisha1.pdf,6,2026-08-17,PRIMARY regional route/stop source supplied by user,
Sambalpur,AMA-SBP-211,211,UP,34,FIRE OFFICE RENGALI,,,UNKNOWN,pdfodisha1.pdf,6,2026-08-17,PRIMARY regional route/stop source supplied by user,
Sambalpur,AMA-SBP-211,211,UP,35,SHYAM METALLICS G-1,,,UNKNOWN,pdfodisha1.pdf,6,2026-08-17,PRIMARY regional route/stop source supplied by user,
Sambalpur,AMA-SBP-211,211,UP,36,SHYAM METALLICS G-2,,,UNKNOWN,pdfodisha1.pdf,6,2026-08-17,PRIMARY regional route/stop source supplied by user,
Sambalpur,AMA-SBP-211,211,UP,37,PANDALOI,,,UNKNOWN,pdfodisha1.pdf,6,2026-08-17,PRIMARY regional route/stop source supplied by user,
Sambalpur,AMA-SBP-211,211,UP,38,VIRAJ STEEL,,,UNKNOWN,pdfodisha1.pdf,6,2026-08-17,PRIMARY regional route/stop source supplied by user,
Sambalpur,AMA-SBP-211,211,UP,39,GURUPALI,,,UNKNOWN,pdfodisha1.pdf,6,2026-08-17,PRIMARY regional route/stop source supplied by user,
Sambalpur,AMA-SBP-211,211,UP,40,ADITYA ALUMINIUM,,,UNKNOWN,pdfodisha1.pdf,6,2026-08-17,PRIMARY regional route/stop source supplied by user,
Sambalpur,AMA-SBP-211,211,UP,41,LAPANGA CHOWK,,,UNKNOWN,pdfodisha1.pdf,6,2026-08-17,PRIMARY regional route/stop source supplied by user,
Sambalpur,AMA-SBP-211,211,UP,42,BANSIMAL,,,UNKNOWN,pdfodisha1.pdf,6,2026-08-17,PRIMARY regional route/stop source supplied by user,
Sambalpur,AMA-SBP-211,211,UP,43,KHINDA,,,UNKNOWN,pdfodisha1.pdf,6,2026-08-17,PRIMARY regional route/stop source supplied by user,
Sambalpur,AMA-SBP-211,211,UP,44,PAULEPADA,,,UNKNOWN,pdfodisha1.pdf,6,2026-08-17,PRIMARY regional route/stop source supplied by user,
Sambalpur,AMA-SBP-211,211,UP,45,THELKOLOI HIGH SCHOOL,,,UNKNOWN,pdfodisha1.pdf,6,2026-08-17,PRIMARY regional route/stop source supplied by user,
Sambalpur,AMA-SBP-211,211,UP,46,POLICE STATION THELKOLOI,,,UNKNOWN,pdfodisha1.pdf,6,2026-08-17,PRIMARY regional route/stop source supplied by user,
Sambalpur,AMA-SBP-211,211,UP,47,THELKOLOI,,,UNKNOWN,pdfodisha1.pdf,6,2026-08-17,PRIMARY regional route/stop source supplied by user,
Sambalpur,AMA-SBP-211,211,UP,48,JSW MAIN GATE,,,UNKNOWN,pdfodisha1.pdf,6,2026-08-17,PRIMARY regional route/stop source supplied by user,
Sambalpur,AMA-SBP-211,211,UP,49,JSW PLAZA GATE,,,UNKNOWN,pdfodisha1.pdf,6,2026-08-17,PRIMARY regional route/stop source supplied by user,
Sambalpur,AMA-SBP-211,211,UP,50,SRIPURA ROAD,,,UNKNOWN,pdfodisha1.pdf,6,2026-08-17,PRIMARY regional route/stop source supplied by user,
Sambalpur,AMA-SBP-211,211,UP,51,TARAIKELA,,,UNKNOWN,pdfodisha1.pdf,6,2026-08-17,PRIMARY regional route/stop source supplied by user,
Sambalpur,AMA-SBP-211,211,UP,52,TUMBEKELA,,,UNKNOWN,pdfodisha1.pdf,6,2026-08-17,PRIMARY regional route/stop source supplied by user,
Sambalpur,AMA-SBP-211,211,UP,53,KHERUAL,,,UNKNOWN,pdfodisha1.pdf,6,2026-08-17,PRIMARY regional route/stop source supplied by user,
Sambalpur,AMA-SBP-211,211,UP,54,SAHAPADA ROAD,,,UNKNOWN,pdfodisha1.pdf,6,2026-08-17,PRIMARY regional route/stop source supplied by user,
Sambalpur,AMA-SBP-211,211,UP,55,SAHAPADA,,,UNKNOWN,pdfodisha1.pdf,6,2026-08-17,PRIMARY regional route/stop source supplied by user,
Sambalpur,AMA-SBP-211,211,UP,56,BADMAL POLICE STATION,,,UNKNOWN,pdfodisha1.pdf,6,2026-08-17,PRIMARY regional route/stop source supplied by user,
Sambalpur,AMA-SBP-211,211,UP,57,BADMAL,,,UNKNOWN,pdfodisha1.pdf,6,2026-08-17,PRIMARY regional route/stop source supplied by user,
Sambalpur,AMA-SBP-211,211,UP,58,JHARSUGUDA BYPASS,,,UNKNOWN,pdfodisha1.pdf,6,2026-08-17,PRIMARY regional route/stop source supplied by user,
Sambalpur,AMA-SBP-211,211,UP,59,POWER HOUSE ROAD,,,UNKNOWN,pdfodisha1.pdf,6,2026-08-17,PRIMARY regional route/stop source supplied by user,
Sambalpur,AMA-SBP-211,211,UP,60,SAROSMAL,,,UNKNOWN,pdfodisha1.pdf,6,2026-08-17,PRIMARY regional route/stop source supplied by user,
Sambalpur,AMA-SBP-211,211,UP,61,BEHERAPAT CHOWK,,,UNKNOWN,pdfodisha1.pdf,6,2026-08-17,PRIMARY regional route/stop source supplied by user,
Sambalpur,AMA-SBP-211,211,UP,62,BTM BYPASS OVERBRIDGE,,,UNKNOWN,pdfodisha1.pdf,6,2026-08-17,PRIMARY regional route/stop source supplied by user,
Sambalpur,AMA-SBP-211,211,UP,63,BTM BYPASS,,,UNKNOWN,pdfodisha1.pdf,6,2026-08-17,PRIMARY regional route/stop source supplied by user,
Sambalpur,AMA-SBP-211,211,UP,64,SHIV MANDIR,,,UNKNOWN,pdfodisha1.pdf,6,2026-08-17,PRIMARY regional route/stop source supplied by user,
Sambalpur,AMA-SBP-211,211,UP,65,BOMBAY CHOWK,,,UNKNOWN,pdfodisha1.pdf,6,2026-08-17,PRIMARY regional route/stop source supplied by user,
Sambalpur,AMA-SBP-211,211,UP,66,BIJJU NAGAR,,,UNKNOWN,pdfodisha1.pdf,6,2026-08-17,PRIMARY regional route/stop source supplied by user,
Sambalpur,AMA-SBP-211,211,UP,67,BEHERAMAL CHOWK,,,UNKNOWN,pdfodisha1.pdf,6,2026-08-17,PRIMARY regional route/stop source supplied by user,
Sambalpur,AMA-SBP-211,211,UP,68,MCL AUDITORIUM,,,UNKNOWN,pdfodisha1.pdf,6,2026-08-17,PRIMARY regional route/stop source supplied by user,
Sambalpur,AMA-SBP-211,211,UP,69,MAA TARINI TEMPLE,,,UNKNOWN,pdfodisha1.pdf,6,2026-08-17,PRIMARY regional route/stop source supplied by user,
Sambalpur,AMA-SBP-211,211,UP,70,DISTRICT COLLECTORATE OFFICE,,,UNKNOWN,pdfodisha1.pdf,6,2026-08-17,PRIMARY regional route/stop source supplied by user,
Sambalpur,AMA-SBP-211,211,UP,71,JHARSUGUDA NEW BUS STAND BYPASS,,,UNKNOWN,pdfodisha1.pdf,6,2026-08-17,PRIMARY regional route/stop source supplied by user,
Sambalpur,AMA-SBP-211,211,UP,72,JHARSUGUDA NEW BUS TERMINAL,,,UNKNOWN,pdfodisha1.pdf,6,2026-08-17,PRIMARY regional route/stop source supplied by user,
Sambalpur,AMA-SBP-212,212,UP,1,AINTHAPALI BUS TERMINAL,,,UNKNOWN,pdfodisha1.pdf,7,2026-08-17,PRIMARY regional route/stop source supplied by user,
Sambalpur,AMA-SBP-212,212,UP,2,AINTHAPALI CHOWK,,,UNKNOWN,pdfodisha1.pdf,7,2026-08-17,PRIMARY regional route/stop source supplied by user,
Sambalpur,AMA-SBP-212,212,UP,3,TPWODL CHOWK,,,UNKNOWN,pdfodisha1.pdf,7,2026-08-17,PRIMARY regional route/stop source supplied by user,
Sambalpur,AMA-SBP-212,212,UP,4,PANCHAGOCHHIA,,,UNKNOWN,pdfodisha1.pdf,7,2026-08-17,PRIMARY regional route/stop source supplied by user,
Sambalpur,AMA-SBP-212,212,UP,5,VIKASH SCHOOL,,,UNKNOWN,pdfodisha1.pdf,7,2026-08-17,PRIMARY regional route/stop source supplied by user,
Sambalpur,AMA-SBP-212,212,UP,6,BAREIPALI,,,UNKNOWN,pdfodisha1.pdf,7,2026-08-17,PRIMARY regional route/stop source supplied by user,
Sambalpur,AMA-SBP-212,212,UP,7,TRUCK ASSOCIATION,,,UNKNOWN,pdfodisha1.pdf,7,2026-08-17,PRIMARY regional route/stop source supplied by user,
Sambalpur,AMA-SBP-212,212,UP,8,RMC OFFICE,,,UNKNOWN,pdfodisha1.pdf,7,2026-08-17,PRIMARY regional route/stop source supplied by user,
Sambalpur,AMA-SBP-212,212,UP,9,GOPALPALI,,,UNKNOWN,pdfodisha1.pdf,7,2026-08-17,PRIMARY regional route/stop source supplied by user,
Sambalpur,AMA-SBP-212,212,UP,10,REMED CHOWK,,,UNKNOWN,pdfodisha1.pdf,7,2026-08-17,PRIMARY regional route/stop source supplied by user,
Sambalpur,AMA-SBP-212,212,UP,11,MAHINDRA SHOWROOM,,,UNKNOWN,pdfodisha1.pdf,7,2026-08-17,PRIMARY regional route/stop source supplied by user,
Sambalpur,AMA-SBP-212,212,UP,12,LAKSHMI DUNGURI CHOWK,,,UNKNOWN,pdfodisha1.pdf,7,2026-08-17,PRIMARY regional route/stop source supplied by user,
Sambalpur,AMA-SBP-212,212,UP,13,GOHIRA TIKIRA,,,UNKNOWN,pdfodisha1.pdf,7,2026-08-17,PRIMARY regional route/stop source supplied by user,
Sambalpur,AMA-SBP-212,212,UP,14,P.C BRIDGE CHOWK,,,UNKNOWN,pdfodisha1.pdf,7,2026-08-17,PRIMARY regional route/stop source supplied by user,
Sambalpur,AMA-SBP-212,212,UP,15,MCL CHOWK,,,UNKNOWN,pdfodisha1.pdf,7,2026-08-17,PRIMARY regional route/stop source supplied by user,
Sambalpur,AMA-SBP-212,212,UP,16,HIRAKUD RAILWAY STATION,,,UNKNOWN,pdfodisha1.pdf,7,2026-08-17,PRIMARY regional route/stop source supplied by user,
Sambalpur,AMA-SBP-212,212,UP,17,GOLGUNDA VILLAGE ROAD,,,UNKNOWN,pdfodisha1.pdf,7,2026-08-17,PRIMARY regional route/stop source supplied by user,
Sambalpur,AMA-SBP-212,212,UP,18,A.KATAPALI,,,UNKNOWN,pdfodisha1.pdf,7,2026-08-17,PRIMARY regional route/stop source supplied by user,
Sambalpur,AMA-SBP-212,212,UP,19,MUDHI MILL,,,UNKNOWN,pdfodisha1.pdf,7,2026-08-17,PRIMARY regional route/stop source supplied by user,
Sambalpur,AMA-SBP-212,212,UP,20,SILVERMOON HOTEL,,,UNKNOWN,pdfodisha1.pdf,7,2026-08-17,PRIMARY regional route/stop source supplied by user,
Sambalpur,AMA-SBP-212,212,UP,21,ATTABIRA CHOWK,,,UNKNOWN,pdfodisha1.pdf,7,2026-08-17,PRIMARY regional route/stop source supplied by user,
Sambalpur,AMA-SBP-212,212,UP,22,ATTABIRA MARKET,,,UNKNOWN,pdfodisha1.pdf,7,2026-08-17,PRIMARY regional route/stop source supplied by user,
Sambalpur,AMA-SBP-212,212,UP,23,ATTABIRA RAILWAY STATION CHOWK,,,UNKNOWN,pdfodisha1.pdf,7,2026-08-17,PRIMARY regional route/stop source supplied by user,
Sambalpur,AMA-SBP-212,212,UP,24,SARANDA CHOWK,,,UNKNOWN,pdfodisha1.pdf,7,2026-08-17,PRIMARY regional route/stop source supplied by user,
Sambalpur,AMA-SBP-212,212,UP,25,SARANDA HIGH SCHOOL,,,UNKNOWN,pdfodisha1.pdf,7,2026-08-17,PRIMARY regional route/stop source supplied by user,
Sambalpur,AMA-SBP-212,212,UP,26,CHAKULI FAM,,,UNKNOWN,pdfodisha1.pdf,7,2026-08-17,PRIMARY regional route/stop source supplied by user,
Sambalpur,AMA-SBP-212,212,UP,27,"SHIVA MANDIR, GARTIAPALI",,,UNKNOWN,pdfodisha1.pdf,7,2026-08-17,PRIMARY regional route/stop source supplied by user,
Sambalpur,AMA-SBP-212,212,UP,28,GODBHAGA CHOWK,,,UNKNOWN,pdfodisha1.pdf,7,2026-08-17,PRIMARY regional route/stop source supplied by user,
Sambalpur,AMA-SBP-212,212,UP,29,"SARASWAT MAHAVIDYALAYA, GODBHAGA",,,UNKNOWN,pdfodisha1.pdf,7,2026-08-17,PRIMARY regional route/stop source supplied by user,
Sambalpur,AMA-SBP-212,212,UP,30,GODBHAGA RAILWAY STATION,,,UNKNOWN,pdfodisha1.pdf,7,2026-08-17,PRIMARY regional route/stop source supplied by user,
Sambalpur,AMA-SBP-212,212,UP,31,LADUKHAI,,,UNKNOWN,pdfodisha1.pdf,7,2026-08-17,PRIMARY regional route/stop source supplied by user,
Sambalpur,AMA-SBP-212,212,UP,32,BHOITIKIRA,,,UNKNOWN,pdfodisha1.pdf,7,2026-08-17,PRIMARY regional route/stop source supplied by user,
Sambalpur,AMA-SBP-212,212,UP,33,BABUBANDH,,,UNKNOWN,pdfodisha1.pdf,7,2026-08-17,PRIMARY regional route/stop source supplied by user,
Sambalpur,AMA-SBP-212,212,UP,34,GOSHALA MARKET,,,UNKNOWN,pdfodisha1.pdf,7,2026-08-17,PRIMARY regional route/stop source supplied by user,
Sambalpur,AMA-SBP-212,212,UP,35,"JNV, GOSHALA",,,UNKNOWN,pdfodisha1.pdf,7,2026-08-17,PRIMARY regional route/stop source supplied by user,
Sambalpur,AMA-SBP-212,212,UP,36,SAMBALPUR DAIRY,,,UNKNOWN,pdfodisha1.pdf,7,2026-08-17,PRIMARY regional route/stop source supplied by user,
Sambalpur,AMA-SBP-212,212,UP,37,BAIJAMUNDA,,,UNKNOWN,pdfodisha1.pdf,7,2026-08-17,PRIMARY regional route/stop source supplied by user,
Sambalpur,AMA-SBP-212,212,UP,38,LATHI CHOWK,,,UNKNOWN,pdfodisha1.pdf,7,2026-08-17,PRIMARY regional route/stop source supplied by user,
Sambalpur,AMA-SBP-212,212,UP,39,ATTABIRA COLLAGE,,,UNKNOWN,pdfodisha1.pdf,7,2026-08-17,PRIMARY regional route/stop source supplied by user,
Sambalpur,AMA-SBP-212,212,UP,40,KANDPALI,,,UNKNOWN,pdfodisha1.pdf,7,2026-08-17,PRIMARY regional route/stop source supplied by user,
Sambalpur,AMA-SBP-212,212,UP,41,LADERPALI CHOWK,,,UNKNOWN,pdfodisha1.pdf,7,2026-08-17,PRIMARY regional route/stop source supplied by user,
Sambalpur,AMA-SBP-212,212,UP,42,RENGALI CAMP,,,UNKNOWN,pdfodisha1.pdf,7,2026-08-17,PRIMARY regional route/stop source supplied by user,
Sambalpur,AMA-SBP-212,212,UP,43,DE-BAAHAAL CHOWK,,,UNKNOWN,pdfodisha1.pdf,7,2026-08-17,PRIMARY regional route/stop source supplied by user,
Sambalpur,AMA-SBP-212,212,UP,44,JANHAPADA,,,UNKNOWN,pdfodisha1.pdf,7,2026-08-17,PRIMARY regional route/stop source supplied by user,
Sambalpur,AMA-SBP-212,212,UP,45,SUKTAPALI,,,UNKNOWN,pdfodisha1.pdf,7,2026-08-17,PRIMARY regional route/stop source supplied by user,
Sambalpur,AMA-SBP-212,212,UP,46,KALAPANI CHOWK,,,UNKNOWN,pdfodisha1.pdf,7,2026-08-17,PRIMARY regional route/stop source supplied by user,
Sambalpur,AMA-SBP-212,212,UP,47,BARAHAGODA,,,UNKNOWN,pdfodisha1.pdf,7,2026-08-17,PRIMARY regional route/stop source supplied by user,
Sambalpur,AMA-SBP-212,212,UP,48,VIKASH HOSPITAL,,,UNKNOWN,pdfodisha1.pdf,7,2026-08-17,PRIMARY regional route/stop source supplied by user,
Sambalpur,AMA-SBP-212,212,UP,49,NAGENPALI CHOWK,,,UNKNOWN,pdfodisha1.pdf,7,2026-08-17,PRIMARY regional route/stop source supplied by user,
Sambalpur,AMA-SBP-212,212,UP,50,FCI WEREHOUSE,,,UNKNOWN,pdfodisha1.pdf,7,2026-08-17,PRIMARY regional route/stop source supplied by user,
Sambalpur,AMA-SBP-212,212,UP,51,GURUDUWARA CHOWK,,,UNKNOWN,pdfodisha1.pdf,7,2026-08-17,PRIMARY regional route/stop source supplied by user,
Sambalpur,AMA-SBP-212,212,UP,52,"PRIVATE BUS STAND, BARAGARH",,,UNKNOWN,pdfodisha1.pdf,7,2026-08-17,PRIMARY regional route/stop source supplied by user,
Sambalpur,AMA-SBP-212,212,UP,53,GANDHI CHOWK,,,UNKNOWN,pdfodisha1.pdf,7,2026-08-17,PRIMARY regional route/stop source supplied by user,
Sambalpur,AMA-SBP-212,212,UP,54,"S.P OFFICE, BARGARH",,,UNKNOWN,pdfodisha1.pdf,7,2026-08-17,PRIMARY regional route/stop source supplied by user,
Sambalpur,AMA-SBP-212,212,UP,55,BARAGARH GOVT. BUS STAND,,,UNKNOWN,pdfodisha1.pdf,7,2026-08-17,PRIMARY regional route/stop source supplied by user,
Sambalpur,AMA-SBP-213,213,UP,1,AINTHAPALI BUS TERMINAL,,,UNKNOWN,pdfodisha1.pdf,8,2026-08-17,PRIMARY regional route/stop source supplied by user,Direction/route as printed on page 8
Sambalpur,AMA-SBP-213,213,UP,2,AINTHAPALI CHOWK,,,UNKNOWN,pdfodisha1.pdf,8,2026-08-17,PRIMARY regional route/stop source supplied by user,Direction/route as printed on page 8
Sambalpur,AMA-SBP-213,213,UP,3,BIRSA MUNDA CHOWK,,,UNKNOWN,pdfodisha1.pdf,8,2026-08-17,PRIMARY regional route/stop source supplied by user,Direction/route as printed on page 8
Sambalpur,AMA-SBP-213,213,UP,4,SRIRAM VIHAR,,,UNKNOWN,pdfodisha1.pdf,8,2026-08-17,PRIMARY regional route/stop source supplied by user,Direction/route as printed on page 8
Sambalpur,AMA-SBP-213,213,UP,5,KAMAKHYA TEMPLE MALIPALI,,,UNKNOWN,pdfodisha1.pdf,8,2026-08-17,PRIMARY regional route/stop source supplied by user,Direction/route as printed on page 8
Sambalpur,AMA-SBP-213,213,UP,6,BHALUPALI,,,UNKNOWN,pdfodisha1.pdf,8,2026-08-17,PRIMARY regional route/stop source supplied by user,Direction/route as printed on page 8
Sambalpur,AMA-SBP-213,213,UP,7,BAIDARNUAPALI,,,UNKNOWN,pdfodisha1.pdf,8,2026-08-17,PRIMARY regional route/stop source supplied by user,Direction/route as printed on page 8
Sambalpur,AMA-SBP-213,213,UP,8,FISHERIES OFFICE,,,UNKNOWN,pdfodisha1.pdf,8,2026-08-17,PRIMARY regional route/stop source supplied by user,Direction/route as printed on page 8
Sambalpur,AMA-SBP-213,213,UP,9,PARDHIAPALI,,,UNKNOWN,pdfodisha1.pdf,8,2026-08-17,PRIMARY regional route/stop source supplied by user,Direction/route as printed on page 8
Sambalpur,AMA-SBP-213,213,UP,10,PARDHIAPALI ROAD,,,UNKNOWN,pdfodisha1.pdf,8,2026-08-17,PRIMARY regional route/stop source supplied by user,Direction/route as printed on page 8
Sambalpur,AMA-SBP-213,213,UP,11,KIA SHOWROOM,,,UNKNOWN,pdfodisha1.pdf,8,2026-08-17,PRIMARY regional route/stop source supplied by user,Direction/route as printed on page 8
Sambalpur,AMA-SBP-213,213,UP,12,GUPTESWAR NAGAR,,,UNKNOWN,pdfodisha1.pdf,8,2026-08-17,PRIMARY regional route/stop source supplied by user,Direction/route as printed on page 8
Sambalpur,AMA-SBP-213,213,UP,13,RENGALI FIRE OFFICE,,,UNKNOWN,pdfodisha1.pdf,8,2026-08-17,PRIMARY regional route/stop source supplied by user,Direction/route as printed on page 8
Sambalpur,AMA-SBP-213,213,UP,14,TALAB,,,UNKNOWN,pdfodisha1.pdf,8,2026-08-17,PRIMARY regional route/stop source supplied by user,Direction/route as printed on page 8
Sambalpur,AMA-SBP-213,213,UP,15,HANUMAN TEMPLE DEBEIPALI,,,UNKNOWN,pdfodisha1.pdf,8,2026-08-17,PRIMARY regional route/stop source supplied by user,Direction/route as printed on page 8
Sambalpur,AMA-SBP-213,213,UP,16,CHC DEBEIPALI,,,UNKNOWN,pdfodisha1.pdf,8,2026-08-17,PRIMARY regional route/stop source supplied by user,Direction/route as printed on page 8
Sambalpur,AMA-SBP-213,213,UP,17,BADRIPRASAD COLLAGE,,,UNKNOWN,pdfodisha1.pdf,8,2026-08-17,PRIMARY regional route/stop source supplied by user,Direction/route as printed on page 8
Sambalpur,AMA-SBP-213,213,UP,18,SASON VILLAGE ROAD,,,UNKNOWN,pdfodisha1.pdf,8,2026-08-17,PRIMARY regional route/stop source supplied by user,Direction/route as printed on page 8
Sambalpur,AMA-SBP-213,213,UP,19,KANKHINDA,,,UNKNOWN,pdfodisha1.pdf,8,2026-08-17,PRIMARY regional route/stop source supplied by user,Direction/route as printed on page 8
Sambalpur,AMA-SBP-213,213,UP,20,VIKASH SCHOOL,,,UNKNOWN,pdfodisha1.pdf,8,2026-08-17,PRIMARY regional route/stop source supplied by user,Direction/route as printed on page 8
Sambalpur,AMA-SBP-213,213,UP,21,"GOVT. HIGH SCHOOL, CHARPALI",,,UNKNOWN,pdfodisha1.pdf,8,2026-08-17,PRIMARY regional route/stop source supplied by user,Direction/route as printed on page 8
Sambalpur,AMA-SBP-213,213,UP,22,BARPALI,,,UNKNOWN,pdfodisha1.pdf,8,2026-08-17,PRIMARY regional route/stop source supplied by user,Direction/route as printed on page 8
Sambalpur,AMA-SBP-213,213,UP,23,DUN - DUN CHOWK,,,UNKNOWN,pdfodisha1.pdf,8,2026-08-17,PRIMARY regional route/stop source supplied by user,Direction/route as printed on page 8
Sambalpur,AMA-SBP-213,213,UP,24,KURLA,,,UNKNOWN,pdfodisha1.pdf,8,2026-08-17,PRIMARY regional route/stop source supplied by user,Direction/route as printed on page 8
Sambalpur,AMA-SBP-213,213,UP,25,TURITIKIRA CHOWK,,,UNKNOWN,pdfodisha1.pdf,8,2026-08-17,PRIMARY regional route/stop source supplied by user,Direction/route as printed on page 8
Sambalpur,AMA-SBP-213,213,UP,26,SALAD UP SCHOOL,,,UNKNOWN,pdfodisha1.pdf,8,2026-08-17,PRIMARY regional route/stop source supplied by user,Direction/route as printed on page 8
Sambalpur,AMA-SBP-213,213,UP,27,GOVT. POLYTECHNIC COLLEGE,,,UNKNOWN,pdfodisha1.pdf,8,2026-08-17,PRIMARY regional route/stop source supplied by user,Direction/route as printed on page 8
Sambalpur,AMA-SBP-213,213,UP,28,RENGALI BLOCK OFFICE,,,UNKNOWN,pdfodisha1.pdf,8,2026-08-17,PRIMARY regional route/stop source supplied by user,Direction/route as printed on page 8
Sambalpur,AMA-SBP-213,213,UP,29,"HANUMAN TEMPLE, RENGALI",,,UNKNOWN,pdfodisha1.pdf,8,2026-08-17,PRIMARY regional route/stop source supplied by user,Direction/route as printed on page 8
Sambalpur,AMA-SBP-213,213,UP,30,"BUS STAND, RENGALI",,,UNKNOWN,pdfodisha1.pdf,8,2026-08-17,PRIMARY regional route/stop source supplied by user,Direction/route as printed on page 8
Sambalpur,AMA-SBP-213,213,UP,31,CHC RENGALI,,,UNKNOWN,pdfodisha1.pdf,8,2026-08-17,PRIMARY regional route/stop source supplied by user,Direction/route as printed on page 8
Sambalpur,AMA-SBP-213,213,UP,32,RENGALI BYPASS SQUARE,,,UNKNOWN,pdfodisha1.pdf,8,2026-08-17,PRIMARY regional route/stop source supplied by user,Direction/route as printed on page 8
Sambalpur,AMA-SBP-213,213,UP,33,"POLICE STATION, RENGALI",,,UNKNOWN,pdfodisha1.pdf,8,2026-08-17,PRIMARY regional route/stop source supplied by user,Direction/route as printed on page 8
Sambalpur,AMA-SBP-213,213,UP,34,NUARAMPELA,,,UNKNOWN,pdfodisha1.pdf,8,2026-08-17,PRIMARY regional route/stop source supplied by user,Direction/route as printed on page 8
Sambalpur,AMA-SBP-213,213,UP,35,KILASAMA ROAD,,,UNKNOWN,pdfodisha1.pdf,8,2026-08-17,PRIMARY regional route/stop source supplied by user,Direction/route as printed on page 8
Sambalpur,AMA-SBP-213,213,UP,36,PRADHANPALI ROAD,,,UNKNOWN,pdfodisha1.pdf,8,2026-08-17,PRIMARY regional route/stop source supplied by user,Direction/route as printed on page 8
Sambalpur,AMA-SBP-213,213,UP,37,SASON TOLL GATE,,,UNKNOWN,pdfodisha1.pdf,8,2026-08-17,PRIMARY regional route/stop source supplied by user,Direction/route as printed on page 8
Sambalpur,AMA-SBP-213,213,UP,38,BHALUBAHAL,,,UNKNOWN,pdfodisha1.pdf,8,2026-08-17,PRIMARY regional route/stop source supplied by user,Direction/route as printed on page 8
Sambalpur,AMA-SBP-213,213,UP,39,AMBAPADA,,,UNKNOWN,pdfodisha1.pdf,8,2026-08-17,PRIMARY regional route/stop source supplied by user,Direction/route as printed on page 8
Sambalpur,AMA-SBP-213,213,UP,40,KUMARBANDH COLLEGE,,,UNKNOWN,pdfodisha1.pdf,8,2026-08-17,PRIMARY regional route/stop source supplied by user,Direction/route as printed on page 8
Sambalpur,AMA-SBP-213,213,UP,41,KUMARBANDH CHOWK,,,UNKNOWN,pdfodisha1.pdf,8,2026-08-17,PRIMARY regional route/stop source supplied by user,Direction/route as printed on page 8
Sambalpur,AMA-SBP-213,213,UP,42,RAMPELA POST OFFICE,,,UNKNOWN,pdfodisha1.pdf,8,2026-08-17,PRIMARY regional route/stop source supplied by user,Direction/route as printed on page 8
Sambalpur,AMA-SBP-213,213,UP,43,PUMP HOUSE MARKET,,,UNKNOWN,pdfodisha1.pdf,8,2026-08-17,PRIMARY regional route/stop source supplied by user,Direction/route as printed on page 8
Sambalpur,AMA-SBP-213,213,UP,44,TELENPALI,,,UNKNOWN,pdfodisha1.pdf,8,2026-08-17,PRIMARY regional route/stop source supplied by user,Direction/route as printed on page 8
Sambalpur,AMA-SBP-213,213,UP,45,IB THERMAL BUS STAND,,,UNKNOWN,pdfodisha1.pdf,8,2026-08-17,PRIMARY regional route/stop source supplied by user,Direction/route as printed on page 8
Sambalpur,AMA-SBP-213,213,UP,46,PARVATI NAGAR,,,UNKNOWN,pdfodisha1.pdf,8,2026-08-17,PRIMARY regional route/stop source supplied by user,Direction/route as printed on page 8
Sambalpur,AMA-SBP-213,213,UP,47,KHADAM,,,UNKNOWN,pdfodisha1.pdf,8,2026-08-17,PRIMARY regional route/stop source supplied by user,Direction/route as printed on page 8
Sambalpur,AMA-SBP-213,213,UP,48,KARPABAHAL CHOWK,,,UNKNOWN,pdfodisha1.pdf,8,2026-08-17,PRIMARY regional route/stop source supplied by user,Direction/route as printed on page 8
Sambalpur,AMA-SBP-213,213,UP,49,BANAHARPALI THANA,,,UNKNOWN,pdfodisha1.pdf,8,2026-08-17,PRIMARY regional route/stop source supplied by user,Direction/route as printed on page 8
Sambalpur,AMA-SBP-213,213,UP,50,LAXMI MARKET BUS STAND,,,UNKNOWN,pdfodisha1.pdf,8,2026-08-17,PRIMARY regional route/stop source supplied by user,Direction/route as printed on page 8
Sambalpur,AMA-SBP-213,213,UP,51,CENTRAL WORKSHOP BUS STOP,,,UNKNOWN,pdfodisha1.pdf,8,2026-08-17,PRIMARY regional route/stop source supplied by user,Direction/route as printed on page 8
Sambalpur,AMA-SBP-213,213,UP,52,KARPABAHAL CHOWK,,,UNKNOWN,pdfodisha1.pdf,8,2026-08-17,PRIMARY regional route/stop source supplied by user,Direction/route as printed on page 8
Sambalpur,AMA-SBP-213,213,UP,53,GUMADERA,,,UNKNOWN,pdfodisha1.pdf,8,2026-08-17,PRIMARY regional route/stop source supplied by user,Direction/route as printed on page 8
Sambalpur,AMA-SBP-213,213,UP,54,MAUSI MANDIR BUS STOP,,,UNKNOWN,pdfodisha1.pdf,8,2026-08-17,PRIMARY regional route/stop source supplied by user,Direction/route as printed on page 8
Sambalpur,AMA-SBP-213,213,UP,55,BELPAHAR,,,UNKNOWN,pdfodisha1.pdf,8,2026-08-17,PRIMARY regional route/stop source supplied by user,Direction/route as printed on page 8
Sambalpur,AMA-SBP-213A,213A,UP,1,AINTHAPALI BUS TERMINAL,,,UNKNOWN,pdfodisha1.pdf,9,2026-08-17,PRIMARY regional route/stop source supplied by user,Direction/route as printed on page 9
Sambalpur,AMA-SBP-213A,213A,UP,2,AINTHAPALI CHOWK,,,UNKNOWN,pdfodisha1.pdf,9,2026-08-17,PRIMARY regional route/stop source supplied by user,Direction/route as printed on page 9
Sambalpur,AMA-SBP-213A,213A,UP,3,BIRSA MUNDA CHOWK,,,UNKNOWN,pdfodisha1.pdf,9,2026-08-17,PRIMARY regional route/stop source supplied by user,Direction/route as printed on page 9
Sambalpur,AMA-SBP-213A,213A,UP,4,SRIRAM VIHAR,,,UNKNOWN,pdfodisha1.pdf,9,2026-08-17,PRIMARY regional route/stop source supplied by user,Direction/route as printed on page 9
Sambalpur,AMA-SBP-213A,213A,UP,5,KAMAKHYA TEMPLE MALIPALI,,,UNKNOWN,pdfodisha1.pdf,9,2026-08-17,PRIMARY regional route/stop source supplied by user,Direction/route as printed on page 9
Sambalpur,AMA-SBP-213A,213A,UP,6,BHALUPALI,,,UNKNOWN,pdfodisha1.pdf,9,2026-08-17,PRIMARY regional route/stop source supplied by user,Direction/route as printed on page 9
Sambalpur,AMA-SBP-213A,213A,UP,7,BAIDARNUAPALI,,,UNKNOWN,pdfodisha1.pdf,9,2026-08-17,PRIMARY regional route/stop source supplied by user,Direction/route as printed on page 9
Sambalpur,AMA-SBP-213A,213A,UP,8,FISHERIES OFFICE,,,UNKNOWN,pdfodisha1.pdf,9,2026-08-17,PRIMARY regional route/stop source supplied by user,Direction/route as printed on page 9
Sambalpur,AMA-SBP-213A,213A,UP,9,PARDHIAPALI,,,UNKNOWN,pdfodisha1.pdf,9,2026-08-17,PRIMARY regional route/stop source supplied by user,Direction/route as printed on page 9
Sambalpur,AMA-SBP-213A,213A,UP,10,PARDHIAPALI ROAD,,,UNKNOWN,pdfodisha1.pdf,9,2026-08-17,PRIMARY regional route/stop source supplied by user,Direction/route as printed on page 9
Sambalpur,AMA-SBP-213A,213A,UP,11,KIA SHOWROOM,,,UNKNOWN,pdfodisha1.pdf,9,2026-08-17,PRIMARY regional route/stop source supplied by user,Direction/route as printed on page 9
Sambalpur,AMA-SBP-213A,213A,UP,12,GUPTESWAR NAGAR,,,UNKNOWN,pdfodisha1.pdf,9,2026-08-17,PRIMARY regional route/stop source supplied by user,Direction/route as printed on page 9
Sambalpur,AMA-SBP-213A,213A,UP,13,RENGALI FIRE OFFICE,,,UNKNOWN,pdfodisha1.pdf,9,2026-08-17,PRIMARY regional route/stop source supplied by user,Direction/route as printed on page 9
Sambalpur,AMA-SBP-213A,213A,UP,14,TALAB,,,UNKNOWN,pdfodisha1.pdf,9,2026-08-17,PRIMARY regional route/stop source supplied by user,Direction/route as printed on page 9
Sambalpur,AMA-SBP-213A,213A,UP,15,HANUMAN TEMPLE DEBEIPALI,,,UNKNOWN,pdfodisha1.pdf,9,2026-08-17,PRIMARY regional route/stop source supplied by user,Direction/route as printed on page 9
Sambalpur,AMA-SBP-213A,213A,UP,16,CHC DEBEIPALI,,,UNKNOWN,pdfodisha1.pdf,9,2026-08-17,PRIMARY regional route/stop source supplied by user,Direction/route as printed on page 9
Sambalpur,AMA-SBP-213A,213A,UP,17,BADRIPRASAD COLLAGE,,,UNKNOWN,pdfodisha1.pdf,9,2026-08-17,PRIMARY regional route/stop source supplied by user,Direction/route as printed on page 9
Sambalpur,AMA-SBP-213A,213A,UP,18,SASON VILLAGE ROAD,,,UNKNOWN,pdfodisha1.pdf,9,2026-08-17,PRIMARY regional route/stop source supplied by user,Direction/route as printed on page 9
Sambalpur,AMA-SBP-213A,213A,UP,19,KANKHINDA,,,UNKNOWN,pdfodisha1.pdf,9,2026-08-17,PRIMARY regional route/stop source supplied by user,Direction/route as printed on page 9
Sambalpur,AMA-SBP-213A,213A,UP,20,VIKASH SCHOOL,,,UNKNOWN,pdfodisha1.pdf,9,2026-08-17,PRIMARY regional route/stop source supplied by user,Direction/route as printed on page 9
Sambalpur,AMA-SBP-213A,213A,UP,21,AMBAPADA,,,UNKNOWN,pdfodisha1.pdf,9,2026-08-17,PRIMARY regional route/stop source supplied by user,Direction/route as printed on page 9
Sambalpur,AMA-SBP-213A,213A,UP,22,RENGALI CHOWK,,,UNKNOWN,pdfodisha1.pdf,9,2026-08-17,PRIMARY regional route/stop source supplied by user,Direction/route as printed on page 9
Sambalpur,AMA-SBP-213A,213A,UP,23,KUMARBANDH CHOWK,,,UNKNOWN,pdfodisha1.pdf,9,2026-08-17,PRIMARY regional route/stop source supplied by user,Direction/route as printed on page 9
Sambalpur,AMA-SBP-213A,213A,UP,24,KUMARBANDH COLLEGE,,,UNKNOWN,pdfodisha1.pdf,9,2026-08-17,PRIMARY regional route/stop source supplied by user,Direction/route as printed on page 9
Sambalpur,AMA-SBP-213A,213A,UP,25,"GOVT. HIGH SCHOOL, CHARPALI",,,UNKNOWN,pdfodisha1.pdf,9,2026-08-17,PRIMARY regional route/stop source supplied by user,Direction/route as printed on page 9
Sambalpur,AMA-SBP-213A,213A,UP,26,BARPALI,,,UNKNOWN,pdfodisha1.pdf,9,2026-08-17,PRIMARY regional route/stop source supplied by user,Direction/route as printed on page 9
Sambalpur,AMA-SBP-213A,213A,UP,27,DUN - DUN CHOWK,,,UNKNOWN,pdfodisha1.pdf,9,2026-08-17,PRIMARY regional route/stop source supplied by user,Direction/route as printed on page 9
Sambalpur,AMA-SBP-213A,213A,UP,28,KURLA,,,UNKNOWN,pdfodisha1.pdf,9,2026-08-17,PRIMARY regional route/stop source supplied by user,Direction/route as printed on page 9
Sambalpur,AMA-SBP-213A,213A,UP,29,TURITIKIRA CHOWK,,,UNKNOWN,pdfodisha1.pdf,9,2026-08-17,PRIMARY regional route/stop source supplied by user,Direction/route as printed on page 9
Sambalpur,AMA-SBP-213A,213A,UP,30,SALAD UP SCHOOL,,,UNKNOWN,pdfodisha1.pdf,9,2026-08-17,PRIMARY regional route/stop source supplied by user,Direction/route as printed on page 9
Sambalpur,AMA-SBP-213A,213A,UP,31,GOVT. POLYTECHNIC COLLEGE,,,UNKNOWN,pdfodisha1.pdf,9,2026-08-17,PRIMARY regional route/stop source supplied by user,Direction/route as printed on page 9
Sambalpur,AMA-SBP-213A,213A,UP,32,RENGALI BLOCK OFFICE,,,UNKNOWN,pdfodisha1.pdf,9,2026-08-17,PRIMARY regional route/stop source supplied by user,Direction/route as printed on page 9
Sambalpur,AMA-SBP-213A,213A,UP,33,"HANUMAN TEMPLE, RENGALI",,,UNKNOWN,pdfodisha1.pdf,9,2026-08-17,PRIMARY regional route/stop source supplied by user,Direction/route as printed on page 9
Sambalpur,AMA-SBP-213A,213A,UP,34,"BUS STAND, RENGALI",,,UNKNOWN,pdfodisha1.pdf,9,2026-08-17,PRIMARY regional route/stop source supplied by user,Direction/route as printed on page 9
Sambalpur,AMA-SBP-213A,213A,UP,35,CHC RENGALI,,,UNKNOWN,pdfodisha1.pdf,9,2026-08-17,PRIMARY regional route/stop source supplied by user,Direction/route as printed on page 9
Sambalpur,AMA-SBP-213A,213A,UP,36,RENGALI BYPASS SQUARE,,,UNKNOWN,pdfodisha1.pdf,9,2026-08-17,PRIMARY regional route/stop source supplied by user,Direction/route as printed on page 9
Sambalpur,AMA-SBP-213A,213A,UP,37,"POLICE STATION, RENGALI",,,UNKNOWN,pdfodisha1.pdf,9,2026-08-17,PRIMARY regional route/stop source supplied by user,Direction/route as printed on page 9
Sambalpur,AMA-SBP-213A,213A,UP,38,NUARAMPELA,,,UNKNOWN,pdfodisha1.pdf,9,2026-08-17,PRIMARY regional route/stop source supplied by user,Direction/route as printed on page 9
Sambalpur,AMA-SBP-213A,213A,UP,39,KILASAMA ROAD,,,UNKNOWN,pdfodisha1.pdf,9,2026-08-17,PRIMARY regional route/stop source supplied by user,Direction/route as printed on page 9
Sambalpur,AMA-SBP-213A,213A,UP,40,PRADHANPALI ROAD,,,UNKNOWN,pdfodisha1.pdf,9,2026-08-17,PRIMARY regional route/stop source supplied by user,Direction/route as printed on page 9
Sambalpur,AMA-SBP-213A,213A,UP,41,SASON TOLL GATE,,,UNKNOWN,pdfodisha1.pdf,9,2026-08-17,PRIMARY regional route/stop source supplied by user,Direction/route as printed on page 9
Sambalpur,AMA-SBP-213A,213A,UP,42,BHALUBAHAL,,,UNKNOWN,pdfodisha1.pdf,9,2026-08-17,PRIMARY regional route/stop source supplied by user,Direction/route as printed on page 9
Sambalpur,AMA-SBP-213A,213A,UP,43,"HANUMAN TEMPLE, KHAMAR DIHI",,,UNKNOWN,pdfodisha1.pdf,9,2026-08-17,PRIMARY regional route/stop source supplied by user,Direction/route as printed on page 9
Sambalpur,AMA-SBP-213A,213A,UP,44,PUJA MANDAP DALGAON,,,UNKNOWN,pdfodisha1.pdf,9,2026-08-17,PRIMARY regional route/stop source supplied by user,Direction/route as printed on page 9
Sambalpur,AMA-SBP-213A,213A,UP,45,"ANCHALIK GOVT. HIGH SCHOOL, DALGAON",,,UNKNOWN,pdfodisha1.pdf,9,2026-08-17,PRIMARY regional route/stop source supplied by user,Direction/route as printed on page 9
Sambalpur,AMA-SBP-213A,213A,UP,46,SARANDAMAL CHOWK,,,UNKNOWN,pdfodisha1.pdf,9,2026-08-17,PRIMARY regional route/stop source supplied by user,Direction/route as printed on page 9
Sambalpur,AMA-SBP-213A,213A,UP,47,"PHATA PRIMARY SCHOOL, SARANDAMAL",,,UNKNOWN,pdfodisha1.pdf,9,2026-08-17,PRIMARY regional route/stop source supplied by user,Direction/route as printed on page 9
Sambalpur,AMA-SBP-213A,213A,UP,48,KARPABAHAL CHOWK,,,UNKNOWN,pdfodisha1.pdf,9,2026-08-17,PRIMARY regional route/stop source supplied by user,Direction/route as printed on page 9
Sambalpur,AMA-SBP-213A,213A,UP,49,BANAHARPALI THANA,,,UNKNOWN,pdfodisha1.pdf,9,2026-08-17,PRIMARY regional route/stop source supplied by user,Direction/route as printed on page 9
Sambalpur,AMA-SBP-213A,213A,UP,50,LAXMI MARKET BUS STAND,,,UNKNOWN,pdfodisha1.pdf,9,2026-08-17,PRIMARY regional route/stop source supplied by user,Direction/route as printed on page 9
Sambalpur,AMA-SBP-213A,213A,UP,51,BANDHABAHAL BUS STOP,,,UNKNOWN,pdfodisha1.pdf,9,2026-08-17,PRIMARY regional route/stop source supplied by user,Direction/route as printed on page 9
Sambalpur,AMA-SBP-213A,213A,UP,52,"CGM OFFICE, LAKHANPUR",,,UNKNOWN,pdfodisha1.pdf,9,2026-08-17,PRIMARY regional route/stop source supplied by user,Direction/route as printed on page 9
Sambalpur,AMA-SBP-213A,213A,UP,53,CENTRAL WORKSHOP BUS STOP,,,UNKNOWN,pdfodisha1.pdf,9,2026-08-17,PRIMARY regional route/stop source supplied by user,Direction/route as printed on page 9
Sambalpur,AMA-SBP-213A,213A,UP,54,SUKHAPATTNAIK CHOWK,,,UNKNOWN,pdfodisha1.pdf,9,2026-08-17,PRIMARY regional route/stop source supplied by user,Direction/route as printed on page 9
Sambalpur,AMA-SBP-213A,213A,UP,55,JORABAGA,,,UNKNOWN,pdfodisha1.pdf,9,2026-08-17,PRIMARY regional route/stop source supplied by user,Direction/route as printed on page 9
Sambalpur,AMA-SBP-213A,213A,UP,56,KURPABAHAL CHOWK,,,UNKNOWN,pdfodisha1.pdf,9,2026-08-17,PRIMARY regional route/stop source supplied by user,Direction/route as printed on page 9
Sambalpur,AMA-SBP-213A,213A,UP,57,GUMADERA,,,UNKNOWN,pdfodisha1.pdf,9,2026-08-17,PRIMARY regional route/stop source supplied by user,Direction/route as printed on page 9
Sambalpur,AMA-SBP-213A,213A,UP,58,MAUSI MANDIR BUS STOP,,,UNKNOWN,pdfodisha1.pdf,9,2026-08-17,PRIMARY regional route/stop source supplied by user,Direction/route as printed on page 9
Sambalpur,AMA-SBP-213A,213A,UP,59,BELPAHAR,,,UNKNOWN,pdfodisha1.pdf,9,2026-08-17,PRIMARY regional route/stop source supplied by user,Direction/route as printed on page 9
Sambalpur,AMA-SBP-214,214,UP,1,AINTHAPALI BUS TERMINAL,,,UNKNOWN,pdfodisha1.pdf,10,2026-08-17,PRIMARY regional route/stop source supplied by user,
Sambalpur,AMA-SBP-214,214,UP,2,AINTHAPALI CHOWK,,,UNKNOWN,pdfodisha1.pdf,10,2026-08-17,PRIMARY regional route/stop source supplied by user,
Sambalpur,AMA-SBP-214,214,UP,3,"BIRSA MUNDA CHOWK, AINTHAPALI",,,UNKNOWN,pdfodisha1.pdf,10,2026-08-17,PRIMARY regional route/stop source supplied by user,
Sambalpur,AMA-SBP-214,214,UP,4,AMRUTH VIHAR,,,UNKNOWN,pdfodisha1.pdf,10,2026-08-17,PRIMARY regional route/stop source supplied by user,
Sambalpur,AMA-SBP-214,214,UP,5,SAKHIPADA,,,UNKNOWN,pdfodisha1.pdf,10,2026-08-17,PRIMARY regional route/stop source supplied by user,
Sambalpur,AMA-SBP-214,214,UP,6,CITY RAILWAY STATION SQUARE,,,UNKNOWN,pdfodisha1.pdf,10,2026-08-17,PRIMARY regional route/stop source supplied by user,
Sambalpur,AMA-SBP-214,214,UP,7,SATSANG VIHAR,,,UNKNOWN,pdfodisha1.pdf,10,2026-08-17,PRIMARY regional route/stop source supplied by user,
Sambalpur,AMA-SBP-214,214,UP,8,"HANUMAN TEMPLE,DHANKAUDA",,,UNKNOWN,pdfodisha1.pdf,10,2026-08-17,PRIMARY regional route/stop source supplied by user,
Sambalpur,AMA-SBP-214,214,UP,9,TAKBA SQUARE,,,UNKNOWN,pdfodisha1.pdf,10,2026-08-17,PRIMARY regional route/stop source supplied by user,
Sambalpur,AMA-SBP-214,214,UP,10,SINDURPANK NH BYPASS,,,UNKNOWN,pdfodisha1.pdf,10,2026-08-17,PRIMARY regional route/stop source supplied by user,
Sambalpur,AMA-SBP-214,214,UP,11,SINDURPANK CHOWK,,,UNKNOWN,pdfodisha1.pdf,10,2026-08-17,PRIMARY regional route/stop source supplied by user,
Sambalpur,AMA-SBP-214,214,UP,12,SINDURPANK DURGA MANDAP,,,UNKNOWN,pdfodisha1.pdf,10,2026-08-17,PRIMARY regional route/stop source supplied by user,
Sambalpur,AMA-SBP-214,214,UP,13,DANDEIPALI,,,UNKNOWN,pdfodisha1.pdf,10,2026-08-17,PRIMARY regional route/stop source supplied by user,
Sambalpur,AMA-SBP-214,214,UP,14,KUDOPALI ROAD,,,UNKNOWN,pdfodisha1.pdf,10,2026-08-17,PRIMARY regional route/stop source supplied by user,
Sambalpur,AMA-SBP-214,214,UP,15,SBI THEMRA,,,UNKNOWN,pdfodisha1.pdf,10,2026-08-17,PRIMARY regional route/stop source supplied by user,
Sambalpur,AMA-SBP-214,214,UP,16,PADARPARA CHOWK,,,UNKNOWN,pdfodisha1.pdf,10,2026-08-17,PRIMARY regional route/stop source supplied by user,
Sambalpur,AMA-SBP-214,214,UP,17,THEMRA VILLAGE,,,UNKNOWN,pdfodisha1.pdf,10,2026-08-17,PRIMARY regional route/stop source supplied by user,
Sambalpur,AMA-SBP-214,214,UP,18,THEMRA BYPASS,,,UNKNOWN,pdfodisha1.pdf,10,2026-08-17,PRIMARY regional route/stop source supplied by user,
Sambalpur,AMA-SBP-214,214,UP,19,GUDESINGHA,,,UNKNOWN,pdfodisha1.pdf,10,2026-08-17,PRIMARY regional route/stop source supplied by user,
Sambalpur,AMA-SBP-214,214,UP,20,KHULIA,,,UNKNOWN,pdfodisha1.pdf,10,2026-08-17,PRIMARY regional route/stop source supplied by user,
Sambalpur,AMA-SBP-214,214,UP,21,MALGUND,,,UNKNOWN,pdfodisha1.pdf,10,2026-08-17,PRIMARY regional route/stop source supplied by user,
Sambalpur,AMA-SBP-214,214,UP,22,SERSUATALA VILLAGE,,,UNKNOWN,pdfodisha1.pdf,10,2026-08-17,PRIMARY regional route/stop source supplied by user,
Sambalpur,AMA-SBP-214,214,UP,23,SERSUATALA CHOWK,,,UNKNOWN,pdfodisha1.pdf,10,2026-08-17,PRIMARY regional route/stop source supplied by user,
Sambalpur,AMA-SBP-214,214,UP,24,GAMBHARIPANK ROAD,,,UNKNOWN,pdfodisha1.pdf,10,2026-08-17,PRIMARY regional route/stop source supplied by user,
Sambalpur,AMA-SBP-214,214,UP,25,JAMPALI ROAD,,,UNKNOWN,pdfodisha1.pdf,10,2026-08-17,PRIMARY regional route/stop source supplied by user,
Sambalpur,AMA-SBP-214,214,UP,26,JUNADIHI,,,UNKNOWN,pdfodisha1.pdf,10,2026-08-17,PRIMARY regional route/stop source supplied by user,
Sambalpur,AMA-SBP-214,214,UP,27,JUNADIHI CHOWK,,,UNKNOWN,pdfodisha1.pdf,10,2026-08-17,PRIMARY regional route/stop source supplied by user,
Sambalpur,AMA-SBP-214,214,UP,28,KHINDAPADA VILLAGE,,,UNKNOWN,pdfodisha1.pdf,10,2026-08-17,PRIMARY regional route/stop source supplied by user,
Sambalpur,AMA-SBP-214,214,UP,29,LUHAKHANDI,,,UNKNOWN,pdfodisha1.pdf,10,2026-08-17,PRIMARY regional route/stop source supplied by user,
Sambalpur,AMA-SBP-214,214,UP,30,CHARBHATI CHOWK,,,UNKNOWN,pdfodisha1.pdf,10,2026-08-17,PRIMARY regional route/stop source supplied by user,
Sambalpur,AMA-SBP-214,214,UP,31,RUNIMAHUL VILLAGE,,,UNKNOWN,pdfodisha1.pdf,10,2026-08-17,PRIMARY regional route/stop source supplied by user,
Sambalpur,AMA-SBP-214,214,UP,32,RUNIMAHUL P.U.P SCHOOL,,,UNKNOWN,pdfodisha1.pdf,10,2026-08-17,PRIMARY regional route/stop source supplied by user,
Sambalpur,AMA-SBP-214,214,UP,33,LAUMAL CHOWK,,,UNKNOWN,pdfodisha1.pdf,10,2026-08-17,PRIMARY regional route/stop source supplied by user,
Sambalpur,AMA-SBP-214,214,UP,34,JHANKARPALI VILLAGE,,,UNKNOWN,pdfodisha1.pdf,10,2026-08-17,PRIMARY regional route/stop source supplied by user,
Sambalpur,AMA-SBP-214,214,UP,35,JHANKARPALI,,,UNKNOWN,pdfodisha1.pdf,10,2026-08-17,PRIMARY regional route/stop source supplied by user,
Sambalpur,AMA-SBP-214,214,UP,36,KENDUTIKRA MARKET,,,UNKNOWN,pdfodisha1.pdf,10,2026-08-17,PRIMARY regional route/stop source supplied by user,
Sambalpur,AMA-SBP-214,214,UP,37,MENDHABAHAL,,,UNKNOWN,pdfodisha1.pdf,10,2026-08-17,PRIMARY regional route/stop source supplied by user,
Sambalpur,AMA-SBP-214,214,UP,38,GUMULOI FOREST OFFICE,,,UNKNOWN,pdfodisha1.pdf,10,2026-08-17,PRIMARY regional route/stop source supplied by user,
Sambalpur,AMA-SBP-214,214,UP,39,GUMULOI,,,UNKNOWN,pdfodisha1.pdf,10,2026-08-17,PRIMARY regional route/stop source supplied by user,
Sambalpur,AMA-SBP-214,214,UP,40,TAMPARKELA VILLAGE,,,UNKNOWN,pdfodisha1.pdf,10,2026-08-17,PRIMARY regional route/stop source supplied by user,
Sambalpur,AMA-SBP-214,214,UP,41,TAMPARKELA CHOWK,,,UNKNOWN,pdfodisha1.pdf,10,2026-08-17,PRIMARY regional route/stop source supplied by user,
Sambalpur,AMA-SBP-214,214,UP,42,KUSUMDIHI,,,UNKNOWN,pdfodisha1.pdf,10,2026-08-17,PRIMARY regional route/stop source supplied by user,
Sambalpur,AMA-SBP-214,214,UP,43,"HANUMAN TEMPLE, ROAD",,,UNKNOWN,pdfodisha1.pdf,10,2026-08-17,PRIMARY regional route/stop source supplied by user,
Sambalpur,AMA-SBP-214,214,UP,44,BARADUNGURI VILLAGE,,,UNKNOWN,pdfodisha1.pdf,10,2026-08-17,PRIMARY regional route/stop source supplied by user,
Sambalpur,AMA-SBP-214,214,UP,45,BARADUNGURI ROAD,,,UNKNOWN,pdfodisha1.pdf,10,2026-08-17,PRIMARY regional route/stop source supplied by user,
Sambalpur,AMA-SBP-214,214,UP,46,NUAMUNDA,,,UNKNOWN,pdfodisha1.pdf,10,2026-08-17,PRIMARY regional route/stop source supplied by user,
Sambalpur,AMA-SBP-214,214,UP,47,ADARSHA VIDYALA,,,UNKNOWN,pdfodisha1.pdf,10,2026-08-17,PRIMARY regional route/stop source supplied by user,
Sambalpur,AMA-SBP-214,214,UP,48,PARMANPUR COLLEGE,,,UNKNOWN,pdfodisha1.pdf,10,2026-08-17,PRIMARY regional route/stop source supplied by user,
Sambalpur,AMA-SBP-214,214,UP,49,PARMANPUR BUS STAND,,,UNKNOWN,pdfodisha1.pdf,10,2026-08-17,PRIMARY regional route/stop source supplied by user,
Sambalpur,AMA-SBP-214,214,UP,50,SALEPALI ROAD,,,UNKNOWN,pdfodisha1.pdf,10,2026-08-17,PRIMARY regional route/stop source supplied by user,
Sambalpur,AMA-SBP-214,214,UP,51,BHIKHAMPUR ROAD,,,UNKNOWN,pdfodisha1.pdf,10,2026-08-17,PRIMARY regional route/stop source supplied by user,
Sambalpur,AMA-SBP-214,214,UP,52,BHALUBAHALA,,,UNKNOWN,pdfodisha1.pdf,10,2026-08-17,PRIMARY regional route/stop source supplied by user,
Sambalpur,AMA-SBP-214,214,UP,53,LANGABAHAL,,,UNKNOWN,pdfodisha1.pdf,10,2026-08-17,PRIMARY regional route/stop source supplied by user,
Sambalpur,AMA-SBP-214,214,UP,54,LANGABAHAL VILLAGE,,,UNKNOWN,pdfodisha1.pdf,10,2026-08-17,PRIMARY regional route/stop source supplied by user,
Sambalpur,AMA-SBP-214,214,UP,55,KATAPALI,,,UNKNOWN,pdfodisha1.pdf,10,2026-08-17,PRIMARY regional route/stop source supplied by user,
Sambalpur,AMA-SBP-214,214,UP,56,JARLI CHOWK,,,UNKNOWN,pdfodisha1.pdf,10,2026-08-17,PRIMARY regional route/stop source supplied by user,
Sambalpur,AMA-SBP-214,214,UP,57,DEHURIPALI,,,UNKNOWN,pdfodisha1.pdf,10,2026-08-17,PRIMARY regional route/stop source supplied by user,
Sambalpur,AMA-SBP-214,214,UP,58,LAIDA ROAD,,,UNKNOWN,pdfodisha1.pdf,10,2026-08-17,PRIMARY regional route/stop source supplied by user,
Sambalpur,AMA-SBP-214,214,UP,59,LAIDA,,,UNKNOWN,pdfodisha1.pdf,10,2026-08-17,PRIMARY regional route/stop source supplied by user,
Sambalpur,AMA-SBP-214,214,UP,60,BAIJAPALI ROAD,,,UNKNOWN,pdfodisha1.pdf,10,2026-08-17,PRIMARY regional route/stop source supplied by user,
Sambalpur,AMA-SBP-214,214,UP,61,PURNAPANI VILLAGE,,,UNKNOWN,pdfodisha1.pdf,10,2026-08-17,PRIMARY regional route/stop source supplied by user,
Sambalpur,AMA-SBP-214,214,UP,62,PURNAPANI ROAD,,,UNKNOWN,pdfodisha1.pdf,10,2026-08-17,PRIMARY regional route/stop source supplied by user,
Sambalpur,AMA-SBP-214,214,UP,63,KUTRACHUAN SQUARE,,,UNKNOWN,pdfodisha1.pdf,10,2026-08-17,PRIMARY regional route/stop source supplied by user,
Sambalpur,AMA-SBP-214,214,UP,64,SATKHAMA,,,UNKNOWN,pdfodisha1.pdf,10,2026-08-17,PRIMARY regional route/stop source supplied by user,
Sambalpur,AMA-SBP-214,214,UP,65,SATKHAMA U.P SCHOOL,,,UNKNOWN,pdfodisha1.pdf,10,2026-08-17,PRIMARY regional route/stop source supplied by user,
Sambalpur,AMA-SBP-214,214,UP,66,ST. THOMAS SCHOOL,,,UNKNOWN,pdfodisha1.pdf,10,2026-08-17,PRIMARY regional route/stop source supplied by user,
Sambalpur,AMA-SBP-214,214,UP,67,CATHALIC CHURCH,,,UNKNOWN,pdfodisha1.pdf,10,2026-08-17,PRIMARY regional route/stop source supplied by user,
Sambalpur,AMA-SBP-214,214,UP,68,BANDHUBAS CHOWK,,,UNKNOWN,pdfodisha1.pdf,10,2026-08-17,PRIMARY regional route/stop source supplied by user,
Sambalpur,AMA-SBP-214,214,UP,69,KUCHINDA BUS STAND UP,,,UNKNOWN,pdfodisha1.pdf,10,2026-08-17,PRIMARY regional route/stop source supplied by user,
Sambalpur,AMA-SBP-214,214,UP,70,RAJIV GANDHI CHOWK,,,UNKNOWN,pdfodisha1.pdf,10,2026-08-17,PRIMARY regional route/stop source supplied by user,
Sambalpur,AMA-SBP-214,214,UP,71,"CIVIL COURT, KUCHINDA",,,UNKNOWN,pdfodisha1.pdf,10,2026-08-17,PRIMARY regional route/stop source supplied by user,
Sambalpur,AMA-SBP-214,214,UP,72,KUCHINDA COLLEGE,,,UNKNOWN,pdfodisha1.pdf,10,2026-08-17,PRIMARY regional route/stop source supplied by user,
Sambalpur,AMA-SBP-214,214,UP,73,"FOREST OFFICE, KUCHINDA",,,UNKNOWN,pdfodisha1.pdf,10,2026-08-17,PRIMARY regional route/stop source supplied by user,
Sambalpur,AMA-SBP-214,214,UP,74,MAHABIR NAGAR,,,UNKNOWN,pdfodisha1.pdf,10,2026-08-17,PRIMARY regional route/stop source supplied by user,
Sambalpur,AMA-SBP-214,214,UP,75,KUCHINDA BUS STAND,,,UNKNOWN,pdfodisha1.pdf,10,2026-08-17,PRIMARY regional route/stop source supplied by user,
Sambalpur,AMA-SBP-215,215,DOWN,1,PADIABAHAL CHOWK,,,UNKNOWN,pdfodisha1.pdf,12,2026-08-17,PRIMARY regional route/stop source supplied by user,
Sambalpur,AMA-SBP-215,215,DOWN,2,"PRIMARY SCHOOL, PADIABAHAL",,,UNKNOWN,pdfodisha1.pdf,12,2026-08-17,PRIMARY regional route/stop source supplied by user,
Sambalpur,AMA-SBP-215,215,DOWN,3,KHALIAPALI,,,UNKNOWN,pdfodisha1.pdf,12,2026-08-17,PRIMARY regional route/stop source supplied by user,
Sambalpur,AMA-SBP-215,215,DOWN,4,BINAYAK DERA,,,UNKNOWN,pdfodisha1.pdf,12,2026-08-17,PRIMARY regional route/stop source supplied by user,
Sambalpur,AMA-SBP-215,215,DOWN,5,SANATANPALI ROAD,,,UNKNOWN,pdfodisha1.pdf,12,2026-08-17,PRIMARY regional route/stop source supplied by user,
Sambalpur,AMA-SBP-215,215,DOWN,6,NILDUNGURI TOLL PLAZA,,,UNKNOWN,pdfodisha1.pdf,12,2026-08-17,PRIMARY regional route/stop source supplied by user,
Sambalpur,AMA-SBP-215,215,DOWN,7,TURIPADA,,,UNKNOWN,pdfodisha1.pdf,12,2026-08-17,PRIMARY regional route/stop source supplied by user,
Sambalpur,AMA-SBP-215,215,DOWN,8,KABRAPALI CHOWK,,,UNKNOWN,pdfodisha1.pdf,12,2026-08-17,PRIMARY regional route/stop source supplied by user,
Sambalpur,AMA-SBP-215,215,DOWN,9,KABRAPALI HIGH SCHOOL,,,UNKNOWN,pdfodisha1.pdf,12,2026-08-17,PRIMARY regional route/stop source supplied by user,
Sambalpur,AMA-SBP-215,215,DOWN,10,DAKDERA CHOWK,,,UNKNOWN,pdfodisha1.pdf,12,2026-08-17,PRIMARY regional route/stop source supplied by user,
Sambalpur,AMA-SBP-215,215,DOWN,11,HAPRIABAHAL ROAD,,,UNKNOWN,pdfodisha1.pdf,12,2026-08-17,PRIMARY regional route/stop source supplied by user,
Sambalpur,AMA-SBP-215,215,DOWN,12,NURSHING COLLEGE ROAD,,,UNKNOWN,pdfodisha1.pdf,12,2026-08-17,PRIMARY regional route/stop source supplied by user,
Sambalpur,AMA-SBP-215,215,DOWN,13,KENDGHATI CHOWK,,,UNKNOWN,pdfodisha1.pdf,12,2026-08-17,PRIMARY regional route/stop source supplied by user,
Sambalpur,AMA-SBP-215,215,DOWN,14,SHREE RAM VATIKA,,,UNKNOWN,pdfodisha1.pdf,12,2026-08-17,PRIMARY regional route/stop source supplied by user,
Sambalpur,AMA-SBP-215,215,DOWN,15,AINTHAPALI BUS TERMINAL,,,UNKNOWN,pdfodisha1.pdf,12,2026-08-17,PRIMARY regional route/stop source supplied by user,
Sambalpur,AMA-SBP-215,215,DOWN,16,AINTHAPALI CHOWK,,,UNKNOWN,pdfodisha1.pdf,12,2026-08-17,PRIMARY regional route/stop source supplied by user,
Sambalpur,AMA-SBP-215,215,DOWN,17,"BIRSA MUNDA CHOWK, AINTHAPALI",,,UNKNOWN,pdfodisha1.pdf,12,2026-08-17,PRIMARY regional route/stop source supplied by user,
Sambalpur,AMA-SBP-215,215,DOWN,18,AMRUTH VIHAR,,,UNKNOWN,pdfodisha1.pdf,12,2026-08-17,PRIMARY regional route/stop source supplied by user,
Sambalpur,AMA-SBP-215,215,DOWN,19,SAKHIPADA,,,UNKNOWN,pdfodisha1.pdf,12,2026-08-17,PRIMARY regional route/stop source supplied by user,
Sambalpur,AMA-SBP-215,215,DOWN,20,CITY RAILWAY STATION SQUARE,,,UNKNOWN,pdfodisha1.pdf,12,2026-08-17,PRIMARY regional route/stop source supplied by user,
Sambalpur,AMA-SBP-215,215,DOWN,21,SATSANG VIHAR,,,UNKNOWN,pdfodisha1.pdf,12,2026-08-17,PRIMARY regional route/stop source supplied by user,
Sambalpur,AMA-SBP-215,215,DOWN,22,"HANUMAN TEMPLE, DHANKAUDA",,,UNKNOWN,pdfodisha1.pdf,12,2026-08-17,PRIMARY regional route/stop source supplied by user,
Sambalpur,AMA-SBP-215,215,DOWN,23,TAKBA SQUARE,,,UNKNOWN,pdfodisha1.pdf,12,2026-08-17,PRIMARY regional route/stop source supplied by user,
Sambalpur,AMA-SBP-215,215,DOWN,24,SINDURPANK NH BYPASS,,,UNKNOWN,pdfodisha1.pdf,12,2026-08-17,PRIMARY regional route/stop source supplied by user,
Sambalpur,AMA-SBP-215,215,DOWN,25,SINDURPANK UP,,,UNKNOWN,pdfodisha1.pdf,12,2026-08-17,PRIMARY regional route/stop source supplied by user,
Sambalpur,AMA-SBP-215,215,DOWN,26,SADAR POLICE STATION,,,UNKNOWN,pdfodisha1.pdf,12,2026-08-17,PRIMARY regional route/stop source supplied by user,
Sambalpur,AMA-SBP-215,215,DOWN,27,KUDOPALI,,,UNKNOWN,pdfodisha1.pdf,12,2026-08-17,PRIMARY regional route/stop source supplied by user,
Sambalpur,AMA-SBP-215,215,DOWN,28,CHANDAMUNDA ROAD,,,UNKNOWN,pdfodisha1.pdf,12,2026-08-17,PRIMARY regional route/stop source supplied by user,
Sambalpur,AMA-SBP-215,215,UP,1,AINTHAPALI BUS TERMINAL,,,UNKNOWN,pdfodisha1.pdf,11,2026-08-17,PRIMARY regional route/stop source supplied by user,
Sambalpur,AMA-SBP-215,215,UP,2,AINTHAPALI CHOWK,,,UNKNOWN,pdfodisha1.pdf,11,2026-08-17,PRIMARY regional route/stop source supplied by user,
Sambalpur,AMA-SBP-215,215,UP,3,"BIRSA MUNDA CHOWK, AINTHAPALI",,,UNKNOWN,pdfodisha1.pdf,11,2026-08-17,PRIMARY regional route/stop source supplied by user,
Sambalpur,AMA-SBP-215,215,UP,4,AMRUTH VIHAR,,,UNKNOWN,pdfodisha1.pdf,11,2026-08-17,PRIMARY regional route/stop source supplied by user,
Sambalpur,AMA-SBP-215,215,UP,5,SAKHIPADA,,,UNKNOWN,pdfodisha1.pdf,11,2026-08-17,PRIMARY regional route/stop source supplied by user,
Sambalpur,AMA-SBP-215,215,UP,6,CITY RAILWAY STATION SQUARE,,,UNKNOWN,pdfodisha1.pdf,11,2026-08-17,PRIMARY regional route/stop source supplied by user,
Sambalpur,AMA-SBP-215,215,UP,7,SATSANG VIHAR,,,UNKNOWN,pdfodisha1.pdf,11,2026-08-17,PRIMARY regional route/stop source supplied by user,
Sambalpur,AMA-SBP-215,215,UP,8,"HANUMAN TEMPLE,DHANKAUDA",,,UNKNOWN,pdfodisha1.pdf,11,2026-08-17,PRIMARY regional route/stop source supplied by user,
Sambalpur,AMA-SBP-215,215,UP,9,TAKBA SQUARE,,,UNKNOWN,pdfodisha1.pdf,11,2026-08-17,PRIMARY regional route/stop source supplied by user,
Sambalpur,AMA-SBP-215,215,UP,10,SINDURPANK NH BYPASS,,,UNKNOWN,pdfodisha1.pdf,11,2026-08-17,PRIMARY regional route/stop source supplied by user,
Sambalpur,AMA-SBP-215,215,UP,11,SINDURPANK CHOWK,,,UNKNOWN,pdfodisha1.pdf,11,2026-08-17,PRIMARY regional route/stop source supplied by user,
Sambalpur,AMA-SBP-215,215,UP,12,SADAR POLICE STATION,,,UNKNOWN,pdfodisha1.pdf,11,2026-08-17,PRIMARY regional route/stop source supplied by user,
Sambalpur,AMA-SBP-215,215,UP,13,KUDOPALI,,,UNKNOWN,pdfodisha1.pdf,11,2026-08-17,PRIMARY regional route/stop source supplied by user,
Sambalpur,AMA-SBP-215,215,UP,14,CHANDAMUNDA ROAD,,,UNKNOWN,pdfodisha1.pdf,11,2026-08-17,PRIMARY regional route/stop source supplied by user,
Sambalpur,AMA-SBP-215,215,UP,15,SHREE RAM VATIKA,,,UNKNOWN,pdfodisha1.pdf,11,2026-08-17,PRIMARY regional route/stop source supplied by user,
Sambalpur,AMA-SBP-215,215,UP,16,KENDGHATI CHOWK,,,UNKNOWN,pdfodisha1.pdf,11,2026-08-17,PRIMARY regional route/stop source supplied by user,
Sambalpur,AMA-SBP-215,215,UP,17,PADIABAHAL CHOWK,,,UNKNOWN,pdfodisha1.pdf,11,2026-08-17,PRIMARY regional route/stop source supplied by user,
Sambalpur,AMA-SBP-215,215,UP,18,"KHASUPALI, PATUBAHAL ROAD",,,UNKNOWN,pdfodisha1.pdf,11,2026-08-17,PRIMARY regional route/stop source supplied by user,
Sambalpur,AMA-SBP-215,215,UP,19,GOUDAPALI,,,UNKNOWN,pdfodisha1.pdf,11,2026-08-17,PRIMARY regional route/stop source supplied by user,
Sambalpur,AMA-SBP-215,215,UP,20,"KHASUPALI, PATUBAHAL ROAD",,,UNKNOWN,pdfodisha1.pdf,11,2026-08-17,PRIMARY regional route/stop source supplied by user,
Sambalpur,AMA-SBP-215,215,UP,21,PADIABAHAL CHOWK,,,UNKNOWN,pdfodisha1.pdf,11,2026-08-17,PRIMARY regional route/stop source supplied by user,
Sambalpur,AMA-SBP-215,215,UP,22,"PRIMARY SCHOOL, PADIABAHAL",,,UNKNOWN,pdfodisha1.pdf,11,2026-08-17,PRIMARY regional route/stop source supplied by user,
Sambalpur,AMA-SBP-215,215,UP,23,KHALIAPALI,,,UNKNOWN,pdfodisha1.pdf,11,2026-08-17,PRIMARY regional route/stop source supplied by user,
Sambalpur,AMA-SBP-215,215,UP,24,BINAYAK DERA,,,UNKNOWN,pdfodisha1.pdf,11,2026-08-17,PRIMARY regional route/stop source supplied by user,
Sambalpur,AMA-SBP-215,215,UP,25,SANATANPALI ROAD,,,UNKNOWN,pdfodisha1.pdf,11,2026-08-17,PRIMARY regional route/stop source supplied by user,
Sambalpur,AMA-SBP-215,215,UP,26,NILDUNGURI TOLL PLAZA,,,UNKNOWN,pdfodisha1.pdf,11,2026-08-17,PRIMARY regional route/stop source supplied by user,
Sambalpur,AMA-SBP-215,215,UP,27,TURIPADA,,,UNKNOWN,pdfodisha1.pdf,11,2026-08-17,PRIMARY regional route/stop source supplied by user,
Sambalpur,AMA-SBP-215,215,UP,28,KABRAPALI CHOWK,,,UNKNOWN,pdfodisha1.pdf,11,2026-08-17,PRIMARY regional route/stop source supplied by user,
Sambalpur,AMA-SBP-215,215,UP,29,KABRAPALI HIGH SCHOOL,,,UNKNOWN,pdfodisha1.pdf,11,2026-08-17,PRIMARY regional route/stop source supplied by user,
Sambalpur,AMA-SBP-215,215,UP,30,DAKDERA CHOWK,,,UNKNOWN,pdfodisha1.pdf,11,2026-08-17,PRIMARY regional route/stop source supplied by user,
Sambalpur,AMA-SBP-215,215,UP,31,HAPRIABAHAL ROAD,,,UNKNOWN,pdfodisha1.pdf,11,2026-08-17,PRIMARY regional route/stop source supplied by user,
Sambalpur,AMA-SBP-215,215,UP,32,NURSHING COLLEGE ROAD,,,UNKNOWN,pdfodisha1.pdf,11,2026-08-17,PRIMARY regional route/stop source supplied by user,
Sambalpur,AMA-SBP-215,215,UP,33,PADIABAHAL,,,UNKNOWN,pdfodisha1.pdf,11,2026-08-17,PRIMARY regional route/stop source supplied by user,
