region,published_stop_name,canonical_candidate,stop_id,latitude,longitude,coordinate_status,identity_status,verification_date
Berhampur,DUDUMA COLONY NEW BUS STAND,DUDUMA COLONY NEW BUS STAND,REG-0001,,,unresolved,candidate_only_no_cross-source_physical_merge,2026-08-17
Berhampur,FIRST GATE,FIRST GATE,REG-0002,,,unresolved,candidate_only_no_cross-source_physical_merge,2026-08-17
Berhampur,HARIDAKHANDI CHAKA,HARIDAKHANDI CHAKA,REG-0003,,,unresolved,candidate_only_no_cross-source_physical_merge,2026-08-17
Berhampur,KATHA MANTU CHAKA,KATHA MANTU CHAKA,REG-0004,,,unresolved,candidate_only_no_cross-source_physical_merge,2026-08-17
Berhampur,GANESH NAGAR,GANESH NAGAR,REG-0005,,,unresolved,candidate_only_no_cross-source_physical_merge,2026-08-17
Berhampur,MENTU CHAKA,MENTU CHAKA,REG-0006,,,unresolved,candidate_only_no_cross-source_physical_merge,2026-08-17
Berhampur,RAJA RANI APARTMENT,RAJA RANI APARTMENT,REG-0007,,,unresolved,candidate_only_no_cross-source_physical_merge,2026-08-17
Berhampur,AMBA MARKET,AMBA MARKET,REG-0008,,,unresolved,candidate_only_no_cross-source_physical_merge,2026-08-17
Berhampur,HOUSING BOARD COLONY,HOUSING BOARD COLONY,REG-0009,,,unresolved,candidate_only_no_cross-source_physical_merge,2026-08-17
Berhampur,SHIVASHAKIT HALL,SHIVASHAKIT HALL,REG-0010,,,unresolved,candidate_only_no_cross-source_physical_merge,2026-08-17
Berhampur,PREM NAGAR SQUARE,PREM NAGAR SQUARE,REG-0011,,,unresolved,candidate_only_no_cross-source_physical_merge,2026-08-17
Berhampur,REGISTER OFFICE,REGISTER OFFICE,REG-0012,,,unresolved,candidate_only_no_cross-source_physical_merge,2026-08-17
Berhampur,MAHATMA GANDHI STADIUM,MAHATMA GANDHI STADIUM,REG-0013,,,unresolved,candidate_only_no_cross-source_physical_merge,2026-08-17
Berhampur,GANDHI NAGAR,GANDHI NAGAR,REG-0014,,,unresolved,candidate_only_no_cross-source_physical_merge,2026-08-17
Berhampur,CONGRESS BHABAN,CONGRESS BHABAN,REG-0015,,,unresolved,candidate_only_no_cross-source_physical_merge,2026-08-17
Berhampur,KHALLIKOTE COLLEGE,KHALLIKOTE COLLEGE,REG-0016,,,unresolved,candidate_only_no_cross-source_physical_merge,2026-08-17
Berhampur,CHURCH SQUARE,CHURCH SQUARE,REG-0017,,,unresolved,candidate_only_no_cross-source_physical_merge,2026-08-17
Berhampur,BIJIPUR SQUARE,BIJIPUR SQUARE,REG-0018,,,unresolved,candidate_only_no_cross-source_physical_merge,2026-08-17
Berhampur,BERHAMPUR RAILWAY STATION,BERHAMPUR RAILWAY STATION,REG-0019,,,unresolved,candidate_only_no_cross-source_physical_merge,2026-08-17
Berhampur,GOSANINUGAA SANTOSHI TEMPLE,GOSANINUGAA SANTOSHI TEMPLE,REG-0020,,,unresolved,candidate_only_no_cross-source_physical_merge,2026-08-17
Berhampur,BIJIPUR STATE BANK,BIJIPUR STATE BANK,REG-0021,,,unresolved,candidate_only_no_cross-source_physical_merge,2026-08-17
Berhampur,GOKUL DHAAM,GOKUL DHAAM,REG-0022,,,unresolved,candidate_only_no_cross-source_physical_merge,2026-08-17
Berhampur,GOSANINUGAA POLICE STATION,GOSANINUGAA POLICE STATION,REG-0023,,,unresolved,candidate_only_no_cross-source_physical_merge,2026-08-17
Berhampur,UTARESWARA TEMPLE,UTARESWARA TEMPLE,REG-0024,,,unresolved,candidate_only_no_cross-source_physical_merge,2026-08-17
Berhampur,RAJ DHOBA STREET,RAJ DHOBA STREET,REG-0025,,,unresolved,candidate_only_no_cross-source_physical_merge,2026-08-17
Berhampur,ANDHPASARA SQUARE,ANDHPASARA SQUARE,REG-0026,,,unresolved,candidate_only_no_cross-source_physical_merge,2026-08-17
Berhampur,NALINI NAGAR,NALINI NAGAR,REG-0027,,,unresolved,candidate_only_no_cross-source_physical_merge,2026-08-17
Berhampur,HALDIAPADAR OVER BRIDGE,HALDIAPADAR OVER BRIDGE,REG-0028,,,unresolved,candidate_only_no_cross-source_physical_merge,2026-08-17
Berhampur,HALDIAPADAR VILLAGE,HALDIAPADAR VILLAGE,REG-0029,,,unresolved,candidate_only_no_cross-source_physical_merge,2026-08-17
Berhampur,HALDIAPADAR NEW BUS STAND,HALDIAPADAR NEW BUS STAND,REG-0030,,,unresolved,candidate_only_no_cross-source_physical_merge,2026-08-17
Berhampur,MADANMOHANPUR,MADANMOHANPUR,REG-0031,,,unresolved,candidate_only_no_cross-source_physical_merge,2026-08-17
Berhampur,SIHNALA ROAD,SIHNALA ROAD,REG-0032,,,unresolved,candidate_only_no_cross-source_physical_merge,2026-08-17
Berhampur,KANISI HATA,KANISI HATA,REG-0033,,,unresolved,candidate_only_no_cross-source_physical_merge,2026-08-17
Berhampur,KANISI VILLAGE,KANISI VILLAGE,REG-0034,,,unresolved,candidate_only_no_cross-source_physical_merge,2026-08-17
Berhampur,AMIT HOSPITAL,AMIT HOSPITAL,REG-0035,,,unresolved,candidate_only_no_cross-source_physical_merge,2026-08-17
Berhampur,RANDHA CHOWK,RANDHA CHOWK,REG-0036,,,unresolved,candidate_only_no_cross-source_physical_merge,2026-08-17
Berhampur,GANDHI COLLEGE,GANDHI COLLEGE,REG-0037,,,unresolved,candidate_only_no_cross-source_physical_merge,2026-08-17
Berhampur,ISANESWAR TEMPLE,ISANESWAR TEMPLE,REG-0038,,,unresolved,candidate_only_no_cross-source_physical_merge,2026-08-17
Berhampur,GOLANTHRA VILLAGE,GOLANTHRA VILLAGE,REG-0039,,,unresolved,candidate_only_no_cross-source_physical_merge,2026-08-17
Berhampur,BHAIRAVI CHATTI,BHAIRAVI CHATTI,REG-0040,,,unresolved,candidate_only_no_cross-source_physical_merge,2026-08-17
Berhampur,GOVIND NAGAR,GOVIND NAGAR,REG-0041,,,unresolved,candidate_only_no_cross-source_physical_merge,2026-08-17
Berhampur,NIST COLLEGE,NIST COLLEGE,REG-0042,,,unresolved,candidate_only_no_cross-source_physical_merge,2026-08-17
Berhampur,TATA BENZ SQUARE,TATA BENZ SQUARE,REG-0043,,,unresolved,candidate_only_no_cross-source_physical_merge,2026-08-17
Berhampur,KAMAPALLI,KAMAPALLI,REG-0044,,,unresolved,candidate_only_no_cross-source_physical_merge,2026-08-17
Berhampur,COURTPETA SQUARE,COURTPETA SQUARE,REG-0045,,,unresolved,candidate_only_no_cross-source_physical_merge,2026-08-17
Berhampur,MKCG STATE BANK,MKCG STATE BANK,REG-0046,,,unresolved,candidate_only_no_cross-source_physical_merge,2026-08-17
Berhampur,MKCG MEDICAL COLLEGE SQUARE,MKCG MEDICAL COLLEGE SQUARE,REG-0047,,,unresolved,candidate_only_no_cross-source_physical_merge,2026-08-17
Berhampur,GAJAPATI NAGAR,GAJAPATI NAGAR,REG-0048,,,unresolved,candidate_only_no_cross-source_physical_merge,2026-08-17
Berhampur,JAYAPRAKASH NAGAR,JAYAPRAKASH NAGAR,REG-0049,,,unresolved,candidate_only_no_cross-source_physical_merge,2026-08-17
Berhampur,ENGINEERING SCHOOL CHOWK BERHAMPUR,ENGINEERING SCHOOL CHOWK BERHAMPUR,REG-0050,,,unresolved,candidate_only_no_cross-source_physical_merge,2026-08-17
Berhampur,GOVERNMENT ITI,GOVERNMENT ITI,REG-0051,,,unresolved,candidate_only_no_cross-source_physical_merge,2026-08-17
Berhampur,LIC OFFICE BERHAMPUR,LIC OFFICE BERHAMPUR,REG-0052,,,unresolved,candidate_only_no_cross-source_physical_merge,2026-08-17
Berhampur,KHODA SINGH GATE,KHODA SINGH GATE,REG-0053,,,unresolved,candidate_only_no_cross-source_physical_merge,2026-08-17
Berhampur,GOPALPUR JUNCTION,GOPALPUR JUNCTION,REG-0054,,,unresolved,candidate_only_no_cross-source_physical_merge,2026-08-17
Berhampur,ROLAND PHARMACY COLLEGE,ROLAND PHARMACY COLLEGE,REG-0055,,,unresolved,candidate_only_no_cross-source_physical_merge,2026-08-17
Berhampur,GANJAM LAW COLLEGE,GANJAM LAW COLLEGE,REG-0056,,,unresolved,candidate_only_no_cross-source_physical_merge,2026-08-17
Berhampur,BHIMA NAGAR,BHIMA NAGAR,REG-0057,,,unresolved,candidate_only_no_cross-source_physical_merge,2026-08-17
Berhampur,AMBAPUA,AMBAPUA,REG-0058,,,unresolved,candidate_only_no_cross-source_physical_merge,2026-08-17
Berhampur,VIVAK BIHAR,VIVAK BIHAR,REG-0059,,,unresolved,candidate_only_no_cross-source_physical_merge,2026-08-17
Berhampur,CITY COLLEGE SQUARE BERHAMPUR,CITY COLLEGE SQUARE BERHAMPUR,REG-0060,,,unresolved,candidate_only_no_cross-source_physical_merge,2026-08-17
Berhampur,INCOME TAX OFFICE BERHAMPUR,INCOME TAX OFFICE BERHAMPUR,REG-0061,,,unresolved,candidate_only_no_cross-source_physical_merge,2026-08-17
Berhampur,CENTRAL SCHOOL BERHAMPUR,CENTRAL SCHOOL BERHAMPUR,REG-0062,,,unresolved,candidate_only_no_cross-source_physical_merge,2026-08-17
Berhampur,CITY COLLEGE BERHAMPUR,CITY COLLEGE BERHAMPUR,REG-0063,,,unresolved,candidate_only_no_cross-source_physical_merge,2026-08-17
Berhampur,ROCK GARDEN,ROCK GARDEN,REG-0064,,,unresolved,candidate_only_no_cross-source_physical_merge,2026-08-17
Berhampur,BARRACK GROUND,BARRACK GROUND,REG-0065,,,unresolved,candidate_only_no_cross-source_physical_merge,2026-08-17
Berhampur,ROCK GARDEN 1,ROCK GARDEN 1,REG-0066,,,unresolved,candidate_only_no_cross-source_physical_merge,2026-08-17
Berhampur,CITY COLLEGE BERHAMPUR 1,CITY COLLEGE BERHAMPUR 1,REG-0067,,,unresolved,candidate_only_no_cross-source_physical_merge,2026-08-17
Berhampur,CENTRAL SCHOOL BERHAMPUR 1,CENTRAL SCHOOL BERHAMPUR 1,REG-0068,,,unresolved,candidate_only_no_cross-source_physical_merge,2026-08-17
Berhampur,INCOME TAX OFFICE BERHAMPUR 1,INCOME TAX OFFICE BERHAMPUR 1,REG-0069,,,unresolved,candidate_only_no_cross-source_physical_merge,2026-08-17
Berhampur,CITY COLLEGE SQUARE BERHAMPUR 1,CITY COLLEGE SQUARE BERHAMPUR 1,REG-0070,,,unresolved,candidate_only_no_cross-source_physical_merge,2026-08-17
Berhampur,JAGANNATH PUR CHAKA,JAGANNATH PUR CHAKA,REG-0071,,,unresolved,candidate_only_no_cross-source_physical_merge,2026-08-17
Berhampur,KUSASTHALI COLLEGE,KUSASTHALI COLLEGE,REG-0072,,,unresolved,candidate_only_no_cross-source_physical_merge,2026-08-17
Berhampur,NARANDRA PUR,NARANDRA PUR,REG-0073,,,unresolved,candidate_only_no_cross-source_physical_merge,2026-08-17
Berhampur,TATA COLONY,TATA COLONY,REG-0074,,,unresolved,candidate_only_no_cross-source_physical_merge,2026-08-17
Berhampur,SUM HOSPITAL,SUM HOSPITAL,REG-0075,,,unresolved,candidate_only_no_cross-source_physical_merge,2026-08-17
Berhampur,PARALA MAHARAJA COLLEGE,PARALA MAHARAJA COLLEGE,REG-0076,,,unresolved,candidate_only_no_cross-source_physical_merge,2026-08-17
Berhampur,SITALAPALI SQUARE,SITALAPALI SQUARE,REG-0077,,,unresolved,candidate_only_no_cross-source_physical_merge,2026-08-17
Berhampur,SUM HOSPITAL - PARALA MAHARAJA COLLEGE,SUM HOSPITAL - PARALA MAHARAJA COLLEGE,REG-0078,,,unresolved,candidate_only_no_cross-source_physical_merge,2026-08-17
Berhampur,G JAGGANATHPUR,G JAGGANATHPUR,REG-0079,,,unresolved,candidate_only_no_cross-source_physical_merge,2026-08-17
Berhampur,SHRI GANGADHARESHWAR TEMPLE,SHRI GANGADHARESHWAR TEMPLE,REG-0080,,,unresolved,candidate_only_no_cross-source_physical_merge,2026-08-17
Berhampur,TECHNO PARK,TECHNO PARK,REG-0081,,,unresolved,candidate_only_no_cross-source_physical_merge,2026-08-17
Berhampur,OLD JUGIYAPALLI,OLD JUGIYAPALLI,REG-0082,,,unresolved,candidate_only_no_cross-source_physical_merge,2026-08-17
Berhampur,NEW JUGIYAPALLI,NEW JUGIYAPALLI,REG-0083,,,unresolved,candidate_only_no_cross-source_physical_merge,2026-08-17
Berhampur,TECHNO CITY,TECHNO CITY,REG-0084,,,unresolved,candidate_only_no_cross-source_physical_merge,2026-08-17
Berhampur,GURUNTHI VILLAGE,GURUNTHI VILLAGE,REG-0085,,,unresolved,candidate_only_no_cross-source_physical_merge,2026-08-17
Berhampur,GURUNTHI CHOWK,GURUNTHI CHOWK,REG-0086,,,unresolved,candidate_only_no_cross-source_physical_merge,2026-08-17
Berhampur,HUGULAPATA,HUGULAPATA,REG-0087,,,unresolved,candidate_only_no_cross-source_physical_merge,2026-08-17
Berhampur,RAMAPALLI,RAMAPALLI,REG-0088,,,unresolved,candidate_only_no_cross-source_physical_merge,2026-08-17
Berhampur,CHANDIPADAR CHOWK,CHANDIPADAR CHOWK,REG-0089,,,unresolved,candidate_only_no_cross-source_physical_merge,2026-08-17
Berhampur,CHANDIPADAR VILLAGE,CHANDIPADAR VILLAGE,REG-0090,,,unresolved,candidate_only_no_cross-source_physical_merge,2026-08-17
Berhampur,SMIT DEGREE COLLEGE,SMIT DEGREE COLLEGE,REG-0091,,,unresolved,candidate_only_no_cross-source_physical_merge,2026-08-17
Berhampur,REGIDI CHOWK,REGIDI CHOWK,REG-0092,,,unresolved,candidate_only_no_cross-source_physical_merge,2026-08-17
Berhampur,GOILUNDI SQUARE,GOILUNDI SQUARE,REG-0093,,,unresolved,candidate_only_no_cross-source_physical_merge,2026-08-17
Berhampur,BHABA NAGAR SQUARE,BHABA NAGAR SQUARE,REG-0094,,,unresolved,candidate_only_no_cross-source_physical_merge,2026-08-17
Berhampur,BERHAMPUR NEW BUS STAND,BERHAMPUR NEW BUS STAND,REG-0095,,,unresolved,candidate_only_no_cross-source_physical_merge,2026-08-17
Berhampur,PAYAL TALKIES,PAYAL TALKIES,REG-0096,,,unresolved,candidate_only_no_cross-source_physical_merge,2026-08-17
Berhampur,BERHAMPUR RADIO STATION,BERHAMPUR RADIO STATION,REG-0097,,,unresolved,candidate_only_no_cross-source_physical_merge,2026-08-17
Berhampur,BRAJA NAGAR,BRAJA NAGAR,REG-0098,,,unresolved,candidate_only_no_cross-source_physical_merge,2026-08-17
Berhampur,GOVINDA VIHAR,GOVINDA VIHAR,REG-0099,,,unresolved,candidate_only_no_cross-source_physical_merge,2026-08-17
Berhampur,LOCHAPADA HANUMAN MANDIR SQUARE,LOCHAPADA HANUMAN MANDIR SQUARE,REG-0100,,,unresolved,candidate_only_no_cross-source_physical_merge,2026-08-17
Berhampur,LOCHAPADA GANESH BAZAAR,LOCHAPADA GANESH BAZAAR,REG-0101,,,unresolved,candidate_only_no_cross-source_physical_merge,2026-08-17
Berhampur,BRAHMAPUR RAILWAY STATION,BRAHMAPUR RAILWAY STATION,REG-0102,,,unresolved,candidate_only_no_cross-source_physical_merge,2026-08-17
Berhampur,JAGADALPUR GRAMAPANCHAYAT,JAGADALPUR GRAMAPANCHAYAT,REG-0103,,,unresolved,candidate_only_no_cross-source_physical_merge,2026-08-17
Berhampur,JAGADALPUR VILLAGE,JAGADALPUR VILLAGE,REG-0104,,,unresolved,candidate_only_no_cross-source_physical_merge,2026-08-17
Berhampur,JAGADALPUR UP SCHOOL,JAGADALPUR UP SCHOOL,REG-0105,,,unresolved,candidate_only_no_cross-source_physical_merge,2026-08-17
Berhampur,JAGADALPUR RI OFFICE,JAGADALPUR RI OFFICE,REG-0106,,,unresolved,candidate_only_no_cross-source_physical_merge,2026-08-17
Berhampur,RAJARANI APARTMENT,RAJARANI APARTMENT,REG-0107,,,unresolved,candidate_only_no_cross-source_physical_merge,2026-08-17
Berhampur,SHREEKHETRA VIHAR,SHREEKHETRA VIHAR,REG-0108,,,unresolved,candidate_only_no_cross-source_physical_merge,2026-08-17
Berhampur,AUTO NAGAR,AUTO NAGAR,REG-0109,,,unresolved,candidate_only_no_cross-source_physical_merge,2026-08-17
Berhampur,TRUCK UNION,TRUCK UNION,REG-0110,,,unresolved,candidate_only_no_cross-source_physical_merge,2026-08-17
Berhampur,HARADAKHANDI SQARE,HARADAKHANDI SQARE,REG-0111,,,unresolved,candidate_only_no_cross-source_physical_merge,2026-08-17
Berhampur,KHATA MANTU CHAKA,KHATA MANTU CHAKA,REG-0112,,,unresolved,candidate_only_no_cross-source_physical_merge,2026-08-17
Berhampur,MANTU CHAKA,MANTU CHAKA,REG-0113,,,unresolved,candidate_only_no_cross-source_physical_merge,2026-08-17
Berhampur,ROYAL PHARMACY COLLEGE,ROYAL PHARMACY COLLEGE,REG-0114,,,unresolved,candidate_only_no_cross-source_physical_merge,2026-08-17
Berhampur,PATITA PABAN NAGAR,PATITA PABAN NAGAR,REG-0115,,,unresolved,candidate_only_no_cross-source_physical_merge,2026-08-17
Berhampur,ANDHAPASARA ROAD,ANDHAPASARA ROAD,REG-0116,,,unresolved,candidate_only_no_cross-source_physical_merge,2026-08-17
Berhampur,UTTARESWAR TEMPLE,UTTARESWAR TEMPLE,REG-0117,,,unresolved,candidate_only_no_cross-source_physical_merge,2026-08-17
Berhampur,"POLICE STATION, GOSANINUAGAON","POLICE STATION, GOSANINUAGAON",REG-0118,,,unresolved,candidate_only_no_cross-source_physical_merge,2026-08-17
Berhampur,NIMAKHANDI RI OFFICE,NIMAKHANDI RI OFFICE,REG-0119,,,unresolved,candidate_only_no_cross-source_physical_merge,2026-08-17
Berhampur,BORIGANA,BORIGANA,REG-0120,,,unresolved,candidate_only_no_cross-source_physical_merge,2026-08-17
Berhampur,PATHARA,PATHARA,REG-0121,,,unresolved,candidate_only_no_cross-source_physical_merge,2026-08-17
Berhampur,BAHADURPETTA,BAHADURPETTA,REG-0122,,,unresolved,candidate_only_no_cross-source_physical_merge,2026-08-17
Berhampur,RAMACHANDRAPUR,RAMACHANDRAPUR,REG-0123,,,unresolved,candidate_only_no_cross-source_physical_merge,2026-08-17
Berhampur,ARMY AD 1ST GATE,ARMY AD 1ST GATE,REG-0124,,,unresolved,candidate_only_no_cross-source_physical_merge,2026-08-17
Berhampur,DEFENCE COLONY,DEFENCE COLONY,REG-0125,,,unresolved,candidate_only_no_cross-source_physical_merge,2026-08-17
Berhampur,BISWANATHPUR,BISWANATHPUR,REG-0126,,,unresolved,candidate_only_no_cross-source_physical_merge,2026-08-17
Berhampur,RAKHIYA VIHAR,RAKHIYA VIHAR,REG-0127,,,unresolved,candidate_only_no_cross-source_physical_merge,2026-08-17
Berhampur,TARINI PANTHO,TARINI PANTHO,REG-0128,,,unresolved,candidate_only_no_cross-source_physical_merge,2026-08-17
Berhampur,KADARPALI,KADARPALI,REG-0129,,,unresolved,candidate_only_no_cross-source_physical_merge,2026-08-17
Berhampur,ARMY AD GATE NO - 2,ARMY AD GATE NO - 2,REG-0130,,,unresolved,candidate_only_no_cross-source_physical_merge,2026-08-17
Berhampur,NEW KAMALAPUR,NEW KAMALAPUR,REG-0131,,,unresolved,candidate_only_no_cross-source_physical_merge,2026-08-17
Berhampur,OLD KAMALAPUR,OLD KAMALAPUR,REG-0132,,,unresolved,candidate_only_no_cross-source_physical_merge,2026-08-17
Berhampur,GOLABANDHA,GOLABANDHA,REG-0133,,,unresolved,candidate_only_no_cross-source_physical_merge,2026-08-17
Berhampur,GOLABANDHA CHURCH,GOLABANDHA CHURCH,REG-0134,,,unresolved,candidate_only_no_cross-source_physical_merge,2026-08-17
Berhampur,HATIPADA,HATIPADA,REG-0135,,,unresolved,candidate_only_no_cross-source_physical_merge,2026-08-17
Berhampur,DHABALESWAR TEMPLE,DHABALESWAR TEMPLE,REG-0136,,,unresolved,candidate_only_no_cross-source_physical_merge,2026-08-17
Berhampur,"POLICE STATION,GOSANINUAGAON","POLICE STATION,GOSANINUAGAON",REG-0137,,,unresolved,candidate_only_no_cross-source_physical_merge,2026-08-17
Berhampur,RAILWAY STATION P.F-4,RAILWAY STATION P.F-4,REG-0138,,,unresolved,candidate_only_no_cross-source_physical_merge,2026-08-17
Berhampur,GURUKUL SCHOOL,GURUKUL SCHOOL,REG-0139,,,unresolved,candidate_only_no_cross-source_physical_merge,2026-08-17
Berhampur,CHANDAN NAGAR,CHANDAN NAGAR,REG-0140,,,unresolved,candidate_only_no_cross-source_physical_merge,2026-08-17
Berhampur,LANJIPALI VILLAGE,LANJIPALI VILLAGE,REG-0141,,,unresolved,candidate_only_no_cross-source_physical_merge,2026-08-17
Berhampur,LANJIPALI P.S,LANJIPALI P.S,REG-0142,,,unresolved,candidate_only_no_cross-source_physical_merge,2026-08-17
Berhampur,SUBHASH NAGAR,SUBHASH NAGAR,REG-0143,,,unresolved,candidate_only_no_cross-source_physical_merge,2026-08-17
Berhampur,ANKULI,ANKULI,REG-0144,,,unresolved,candidate_only_no_cross-source_physical_merge,2026-08-17
Berhampur,LAXMINARAYANPUR,LAXMINARAYANPUR,REG-0145,,,unresolved,candidate_only_no_cross-source_physical_merge,2026-08-17
Berhampur,JAKARPALLI,JAKARPALLI,REG-0146,,,unresolved,candidate_only_no_cross-source_physical_merge,2026-08-17
Berhampur,BARAPALLI,BARAPALLI,REG-0147,,,unresolved,candidate_only_no_cross-source_physical_merge,2026-08-17
Berhampur,SIKULAPALLI,SIKULAPALLI,REG-0148,,,unresolved,candidate_only_no_cross-source_physical_merge,2026-08-17
Berhampur,PALASI,PALASI,REG-0149,,,unresolved,candidate_only_no_cross-source_physical_merge,2026-08-17
Berhampur,GONDALA,GONDALA,REG-0150,,,unresolved,candidate_only_no_cross-source_physical_merge,2026-08-17
Berhampur,SHANTI NAGAR,SHANTI NAGAR,REG-0151,,,unresolved,candidate_only_no_cross-source_physical_merge,2026-08-17
Berhampur,BELLAGAM,BELLAGAM,REG-0152,,,unresolved,candidate_only_no_cross-source_physical_merge,2026-08-17
Berhampur,D PATAPUR,D PATAPUR,REG-0153,,,unresolved,candidate_only_no_cross-source_physical_merge,2026-08-17
Berhampur,D.PATAPUR VILLAGE,D.PATAPUR VILLAGE,REG-0154,,,unresolved,candidate_only_no_cross-source_physical_merge,2026-08-17
Berhampur,DHOBADI CHAKA,DHOBADI CHAKA,REG-0155,,,unresolved,candidate_only_no_cross-source_physical_merge,2026-08-17
Berhampur,DHOBADI VILLAGE,DHOBADI VILLAGE,REG-0156,,,unresolved,candidate_only_no_cross-source_physical_merge,2026-08-17
Berhampur,BALAKRISHNSPUR VILLAGE,BALAKRISHNSPUR VILLAGE,REG-0157,,,unresolved,candidate_only_no_cross-source_physical_merge,2026-08-17
Berhampur,NANDIKA,NANDIKA,REG-0158,,,unresolved,candidate_only_no_cross-source_physical_merge,2026-08-17
Berhampur,RALABA,RALABA,REG-0159,,,unresolved,candidate_only_no_cross-source_physical_merge,2026-08-17
Berhampur,D PATAPUR VILLAGE,D PATAPUR VILLAGE,REG-0160,,,unresolved,candidate_only_no_cross-source_physical_merge,2026-08-17
Berhampur,OLD BUS STAND,OLD BUS STAND,REG-0161,,,unresolved,candidate_only_no_cross-source_physical_merge,2026-08-17
Berhampur,COLLEGE CHAKA,COLLEGE CHAKA,REG-0162,,,unresolved,candidate_only_no_cross-source_physical_merge,2026-08-17
Berhampur,SP OFFICE,SP OFFICE,REG-0163,,,unresolved,candidate_only_no_cross-source_physical_merge,2026-08-17
Berhampur,COLLECTOR RESIDENCY,COLLECTOR RESIDENCY,REG-0164,,,unresolved,candidate_only_no_cross-source_physical_merge,2026-08-17
Berhampur,DRDA OFFICE,DRDA OFFICE,REG-0165,,,unresolved,candidate_only_no_cross-source_physical_merge,2026-08-17
Berhampur,BATAO CHHATRAPUR MAIN ROAD,BATAO CHHATRAPUR MAIN ROAD,REG-0166,,,unresolved,candidate_only_no_cross-source_physical_merge,2026-08-17
Berhampur,BATAO CHHATRAPUR,BATAO CHHATRAPUR,REG-0167,,,unresolved,candidate_only_no_cross-source_physical_merge,2026-08-17
Berhampur,TAKIRIA BERHAMPUR,TAKIRIA BERHAMPUR,REG-0168,,,unresolved,candidate_only_no_cross-source_physical_merge,2026-08-17
Berhampur,SANA ARJIPALLI,SANA ARJIPALLI,REG-0169,,,unresolved,candidate_only_no_cross-source_physical_merge,2026-08-17
Berhampur,KANAMANA,KANAMANA,REG-0170,,,unresolved,candidate_only_no_cross-source_physical_merge,2026-08-17
Berhampur,DUBULI CHAKA,DUBULI CHAKA,REG-0171,,,unresolved,candidate_only_no_cross-source_physical_merge,2026-08-17
Berhampur,GOPALPUR PORTS MAIN GATE,GOPALPUR PORTS MAIN GATE,REG-0172,,,unresolved,candidate_only_no_cross-source_physical_merge,2026-08-17
Berhampur,ARYAPALLI VILLAGE,ARYAPALLI VILLAGE,REG-0173,,,unresolved,candidate_only_no_cross-source_physical_merge,2026-08-17
Berhampur,ARYAPALLI BEACH,ARYAPALLI BEACH,REG-0174,,,unresolved,candidate_only_no_cross-source_physical_merge,2026-08-17
Berhampur,INDIAN COAST GUARD,INDIAN COAST GUARD,REG-0175,,,unresolved,candidate_only_no_cross-source_physical_merge,2026-08-17
Berhampur,MATIKHALA (IIREL),MATIKHALA (IIREL),REG-0176,,,unresolved,candidate_only_no_cross-source_physical_merge,2026-08-17
Berhampur,TERABASA,TERABASA,REG-0177,,,unresolved,candidate_only_no_cross-source_physical_merge,2026-08-17
Berhampur,KALIPALLI,KALIPALLI,REG-0178,,,unresolved,candidate_only_no_cross-source_physical_merge,2026-08-17
Berhampur,BASANAPUTTI CHAKA,BASANAPUTTI CHAKA,REG-0179,,,unresolved,candidate_only_no_cross-source_physical_merge,2026-08-17
Berhampur,UPPULAPATTI,UPPULAPATTI,REG-0180,,,unresolved,candidate_only_no_cross-source_physical_merge,2026-08-17
Berhampur,HARIPUR,HARIPUR,REG-0181,,,unresolved,candidate_only_no_cross-source_physical_merge,2026-08-17
Berhampur,NARAYANPUR,NARAYANPUR,REG-0182,,,unresolved,candidate_only_no_cross-source_physical_merge,2026-08-17
Berhampur,SUM SAI ENGINEERING COLLEGE,SUM SAI ENGINEERING COLLEGE,REG-0183,,,unresolved,candidate_only_no_cross-source_physical_merge,2026-08-17
Berhampur,KARAPALLI,KARAPALLI,REG-0184,,,unresolved,candidate_only_no_cross-source_physical_merge,2026-08-17
Berhampur,SATYA NARAYAN PUR,SATYA NARAYAN PUR,REG-0185,,,unresolved,candidate_only_no_cross-source_physical_merge,2026-08-17
Berhampur,RANGEILUNDA VILLAGE,RANGEILUNDA VILLAGE,REG-0186,,,unresolved,candidate_only_no_cross-source_physical_merge,2026-08-17
Berhampur,ANTARABATIA,ANTARABATIA,REG-0187,,,unresolved,candidate_only_no_cross-source_physical_merge,2026-08-17
Berhampur,BERHAMPUR UNIVERSITY,BERHAMPUR UNIVERSITY,REG-0188,,,unresolved,candidate_only_no_cross-source_physical_merge,2026-08-17
Berhampur,BHANJA VIHAR,BHANJA VIHAR,REG-0189,,,unresolved,candidate_only_no_cross-source_physical_merge,2026-08-17
Berhampur,MONARCH CHAKA,MONARCH CHAKA,REG-0190,,,unresolved,candidate_only_no_cross-source_physical_merge,2026-08-17
Berhampur,OUAT COLLEGE,OUAT COLLEGE,REG-0191,,,unresolved,candidate_only_no_cross-source_physical_merge,2026-08-17
Berhampur,GOUDA SAHI,GOUDA SAHI,REG-0192,,,unresolved,candidate_only_no_cross-source_physical_merge,2026-08-17
Berhampur,MANDIAPALLI VILLAGE,MANDIAPALLI VILLAGE,REG-0193,,,unresolved,candidate_only_no_cross-source_physical_merge,2026-08-17
Berhampur,PREM OFFICE,PREM OFFICE,REG-0194,,,unresolved,candidate_only_no_cross-source_physical_merge,2026-08-17
Berhampur,SAI TEMPLE,SAI TEMPLE,REG-0195,,,unresolved,candidate_only_no_cross-source_physical_merge,2026-08-17
Berhampur,MANDIAPALLI,MANDIAPALLI,REG-0196,,,unresolved,candidate_only_no_cross-source_physical_merge,2026-08-17
Berhampur,POKUDIBANDHA,POKUDIBANDHA,REG-0197,,,unresolved,candidate_only_no_cross-source_physical_merge,2026-08-17
Berhampur,GOPALPUR JN,GOPALPUR JN,REG-0198,,,unresolved,candidate_only_no_cross-source_physical_merge,2026-08-17
Berhampur,BHAKTASHALA BEGA COLONY,BHAKTASHALA BEGA COLONY,REG-0199,,,unresolved,candidate_only_no_cross-source_physical_merge,2026-08-17
Berhampur,ANKULI BYPASS,ANKULI BYPASS,REG-0200,,,unresolved,candidate_only_no_cross-source_physical_merge,2026-08-17
Berhampur,LANJIPALI NH,LANJIPALI NH,REG-0201,,,unresolved,candidate_only_no_cross-source_physical_merge,2026-08-17
Berhampur,MARKENDAWAR TEMPLE,MARKENDAWAR TEMPLE,REG-0202,,,unresolved,candidate_only_no_cross-source_physical_merge,2026-08-17
Berhampur,KHAJURIA,KHAJURIA,REG-0203,,,unresolved,candidate_only_no_cross-source_physical_merge,2026-08-17
Berhampur,HALDIAPADAR DEPOT,HALDIAPADAR DEPOT,REG-0204,,,unresolved,candidate_only_no_cross-source_physical_merge,2026-08-17
Berhampur,CHATRAPUR BUS STAND,CHATRAPUR BUS STAND,REG-0205,,,unresolved,candidate_only_no_cross-source_physical_merge,2026-08-17
Berhampur,BISWANATH SCHOOL,BISWANATH SCHOOL,REG-0206,,,unresolved,candidate_only_no_cross-source_physical_merge,2026-08-17
Berhampur,KOTHARSINGI VILLAGE,KOTHARSINGI VILLAGE,REG-0207,,,unresolved,candidate_only_no_cross-source_physical_merge,2026-08-17
Berhampur,PALUR HILL,PALUR HILL,REG-0208,,,unresolved,candidate_only_no_cross-source_physical_merge,2026-08-17
Berhampur,SIDHHA BHAIRAVI TEMPLE,SIDHHA BHAIRAVI TEMPLE,REG-0209,,,unresolved,candidate_only_no_cross-source_physical_merge,2026-08-17
Berhampur,HARADANGA VILLAGE,HARADANGA VILLAGE,REG-0210,,,unresolved,candidate_only_no_cross-source_physical_merge,2026-08-17
Berhampur,DISHA COLLEGE,DISHA COLLEGE,REG-0211,,,unresolved,candidate_only_no_cross-source_physical_merge,2026-08-17
Berhampur,JAGANNATHPUR,JAGANNATHPUR,REG-0212,,,unresolved,candidate_only_no_cross-source_physical_merge,2026-08-17
Berhampur,VIGNAN COLLEGE,VIGNAN COLLEGE,REG-0213,,,unresolved,candidate_only_no_cross-source_physical_merge,2026-08-17
Berhampur,BAHADUR PENTHO,BAHADUR PENTHO,REG-0214,,,unresolved,candidate_only_no_cross-source_physical_merge,2026-08-17
Berhampur,BISWANATHPUR VILLAGE,BISWANATHPUR VILLAGE,REG-0215,,,unresolved,candidate_only_no_cross-source_physical_merge,2026-08-17
Berhampur,SRIHARI NAGAR,SRIHARI NAGAR,REG-0216,,,unresolved,candidate_only_no_cross-source_physical_merge,2026-08-17
Berhampur,GOVINDPUR,GOVINDPUR,REG-0217,,,unresolved,candidate_only_no_cross-source_physical_merge,2026-08-17
Berhampur,GOVINDPUR SQUARE,GOVINDPUR SQUARE,REG-0218,,,unresolved,candidate_only_no_cross-source_physical_merge,2026-08-17
Berhampur,BADI CHHAKA,BADI CHHAKA,REG-0219,,,unresolved,candidate_only_no_cross-source_physical_merge,2026-08-17
Berhampur,ARUA SONAPUR,ARUA SONAPUR,REG-0220,,,unresolved,candidate_only_no_cross-source_physical_merge,2026-08-17
Berhampur,SONAPUR VILLAGE,SONAPUR VILLAGE,REG-0221,,,unresolved,candidate_only_no_cross-source_physical_merge,2026-08-17
Berhampur,SONAPUR BEACH,SONAPUR BEACH,REG-0222,,,unresolved,candidate_only_no_cross-source_physical_merge,2026-08-17
Berhampur,BERHAMPUR FIRST GATE,BERHAMPUR FIRST GATE,REG-0223,,,unresolved,candidate_only_no_cross-source_physical_merge,2026-08-17
Berhampur,HARIDAKHANDI CHOWK,HARIDAKHANDI CHOWK,REG-0224,,,unresolved,candidate_only_no_cross-source_physical_merge,2026-08-17
Berhampur,NEW TALUKA,NEW TALUKA,REG-0225,,,unresolved,candidate_only_no_cross-source_physical_merge,2026-08-17
Berhampur,OLD TALUKA,OLD TALUKA,REG-0226,,,unresolved,candidate_only_no_cross-source_physical_merge,2026-08-17
Berhampur,BANDHA TALUKA,BANDHA TALUKA,REG-0227,,,unresolved,candidate_only_no_cross-source_physical_merge,2026-08-17
Berhampur,SRI RAM NAGAR,SRI RAM NAGAR,REG-0228,,,unresolved,candidate_only_no_cross-source_physical_merge,2026-08-17
Berhampur,GIRI MARKET,GIRI MARKET,REG-0229,,,unresolved,candidate_only_no_cross-source_physical_merge,2026-08-17
Berhampur,ROYAL MOTOR,ROYAL MOTOR,REG-0230,,,unresolved,candidate_only_no_cross-source_physical_merge,2026-08-17
Berhampur,REDDY GARAGE,REDDY GARAGE,REG-0231,,,unresolved,candidate_only_no_cross-source_physical_merge,2026-08-17
Berhampur,GATE BAZAR BERHAMPUR,GATE BAZAR BERHAMPUR,REG-0232,,,unresolved,candidate_only_no_cross-source_physical_merge,2026-08-17
Berhampur,CITY HOSPITAL BERHAMPUR,CITY HOSPITAL BERHAMPUR,REG-0233,,,unresolved,candidate_only_no_cross-source_physical_merge,2026-08-17
Berhampur,VISHAL MEGA MART,VISHAL MEGA MART,REG-0234,,,unresolved,candidate_only_no_cross-source_physical_merge,2026-08-17
Berhampur,PANI TANKI BERHAMPUR,PANI TANKI BERHAMPUR,REG-0235,,,unresolved,candidate_only_no_cross-source_physical_merge,2026-08-17
Berhampur,SUBARAO CHOWK,SUBARAO CHOWK,REG-0236,,,unresolved,candidate_only_no_cross-source_physical_merge,2026-08-17
Berhampur,BIJIPUR CHOWK,BIJIPUR CHOWK,REG-0237,,,unresolved,candidate_only_no_cross-source_physical_merge,2026-08-17
Berhampur,CHURCH CHOWK,CHURCH CHOWK,REG-0238,,,unresolved,candidate_only_no_cross-source_physical_merge,2026-08-17
Berhampur,MKCG MEDICAL COLLEGE CHOWK,MKCG MEDICAL COLLEGE CHOWK,REG-0239,,,unresolved,candidate_only_no_cross-source_physical_merge,2026-08-17
Berhampur,COURTPETA CHOWK,COURTPETA CHOWK,REG-0240,,,unresolved,candidate_only_no_cross-source_physical_merge,2026-08-17
Berhampur,TATA BENZ CHOWK,TATA BENZ CHOWK,REG-0241,,,unresolved,candidate_only_no_cross-source_physical_merge,2026-08-17
Berhampur,ANDHPASARA CHOWK,ANDHPASARA CHOWK,REG-0242,,,unresolved,candidate_only_no_cross-source_physical_merge,2026-08-17
Berhampur,OSBC OFFICE,OSBC OFFICE,REG-0243,,,unresolved,candidate_only_no_cross-source_physical_merge,2026-08-17
Berhampur,CHAKADOLA FOODS,CHAKADOLA FOODS,REG-0244,,,unresolved,candidate_only_no_cross-source_physical_merge,2026-08-17
Berhampur,PATAPUR CHOWK,PATAPUR CHOWK,REG-0245,,,unresolved,candidate_only_no_cross-source_physical_merge,2026-08-17
Berhampur,DASHAPUR CHOWK,DASHAPUR CHOWK,REG-0246,,,unresolved,candidate_only_no_cross-source_physical_merge,2026-08-17
Berhampur,MAJHIGAON,MAJHIGAON,REG-0247,,,unresolved,candidate_only_no_cross-source_physical_merge,2026-08-17
Berhampur,INDRAVASH COLONY,INDRAVASH COLONY,REG-0248,,,unresolved,candidate_only_no_cross-source_physical_merge,2026-08-17
Berhampur,DUMDUMI CHOWK,DUMDUMI CHOWK,REG-0249,,,unresolved,candidate_only_no_cross-source_physical_merge,2026-08-17
Berhampur,KOLATHIGAM CHOWK,KOLATHIGAM CHOWK,REG-0250,,,unresolved,candidate_only_no_cross-source_physical_merge,2026-08-17
Berhampur,SOLABINDHA VILLAGE,SOLABINDHA VILLAGE,REG-0251,,,unresolved,candidate_only_no_cross-source_physical_merge,2026-08-17
Berhampur,KIRTIPUR VILLAGE,KIRTIPUR VILLAGE,REG-0252,,,unresolved,candidate_only_no_cross-source_physical_merge,2026-08-17
Berhampur,LOHADIGAON VILLAGE,LOHADIGAON VILLAGE,REG-0253,,,unresolved,candidate_only_no_cross-source_physical_merge,2026-08-17
Berhampur,LODIGAON PANCHAYAT OFFICE,LODIGAON PANCHAYAT OFFICE,REG-0254,,,unresolved,candidate_only_no_cross-source_physical_merge,2026-08-17
Berhampur,IISER,IISER,REG-0255,,,unresolved,candidate_only_no_cross-source_physical_merge,2026-08-17
Keonjhar,JAIL ROAD,JAIL ROAD,REG-0256,,,unresolved,candidate_only_no_cross-source_physical_merge,2026-08-17
Keonjhar,BSNL CHOWK,BSNL CHOWK,REG-0257,,,unresolved,candidate_only_no_cross-source_physical_merge,2026-08-17
Keonjhar,BIJU PATTANAIK CHOWK,BIJU PATTANAIK CHOWK,REG-0258,,,unresolved,candidate_only_no_cross-source_physical_merge,2026-08-17
Keonjhar,COLLECTORATE CIRCLE,COLLECTORATE CIRCLE,REG-0259,,,unresolved,candidate_only_no_cross-source_physical_merge,2026-08-17
Keonjhar,LABANYA BUS STAND,LABANYA BUS STAND,REG-0260,,,unresolved,candidate_only_no_cross-source_physical_merge,2026-08-17
Keonjhar,NEW COURT CHOWK,NEW COURT CHOWK,REG-0261,,,unresolved,candidate_only_no_cross-source_physical_merge,2026-08-17
Keonjhar,RTO OFFICE,RTO OFFICE,REG-0262,,,unresolved,candidate_only_no_cross-source_physical_merge,2026-08-17
Keonjhar,GOVT. WOMENS COLLEGE,GOVT. WOMENS COLLEGE,REG-0263,,,unresolved,candidate_only_no_cross-source_physical_merge,2026-08-17
Keonjhar,MANDUA,MANDUA,REG-0264,,,unresolved,candidate_only_no_cross-source_physical_merge,2026-08-17
Keonjhar,TASAR SILK PARK,TASAR SILK PARK,REG-0265,,,unresolved,candidate_only_no_cross-source_physical_merge,2026-08-17
Keonjhar,TANGARPALSA,TANGARPALSA,REG-0266,,,unresolved,candidate_only_no_cross-source_physical_merge,2026-08-17
Keonjhar,NARANPUR RAAILWAY STN. ROAD,NARANPUR RAAILWAY STN. ROAD,REG-0267,,,unresolved,candidate_only_no_cross-source_physical_merge,2026-08-17
Keonjhar,NARANPUR,NARANPUR,REG-0268,,,unresolved,candidate_only_no_cross-source_physical_merge,2026-08-17
Keonjhar,NARANPUR DUBURI JN.,NARANPUR DUBURI JN,REG-0269,,,unresolved,candidate_only_no_cross-source_physical_merge,2026-08-17
Keonjhar,NARANPUR HIGH SCHOOL,NARANPUR HIGH SCHOOL,REG-0270,,,unresolved,candidate_only_no_cross-source_physical_merge,2026-08-17
Keonjhar,KISS CAMPUS,KISS CAMPUS,REG-0271,,,unresolved,candidate_only_no_cross-source_physical_merge,2026-08-17
Keonjhar,RIMULI HIGHWAY CHOWK,RIMULI HIGHWAY CHOWK,REG-0272,,,unresolved,candidate_only_no_cross-source_physical_merge,2026-08-17
Keonjhar,"GOVT HOSPITAL, SUAKATI","GOVT HOSPITAL, SUAKATI",REG-0273,,,unresolved,candidate_only_no_cross-source_physical_merge,2026-08-17
Keonjhar,SUAKATI SQUARE,SUAKATI SQUARE,REG-0274,,,unresolved,candidate_only_no_cross-source_physical_merge,2026-08-17
Keonjhar,JAMUDIA,JAMUDIA,REG-0275,,,unresolved,candidate_only_no_cross-source_physical_merge,2026-08-17
Keonjhar,SARUKUDARA CHOWK,SARUKUDARA CHOWK,REG-0276,,,unresolved,candidate_only_no_cross-source_physical_merge,2026-08-17
Keonjhar,BADA GHAGHARA VILLAGE,BADA GHAGHARA VILLAGE,REG-0277,,,unresolved,candidate_only_no_cross-source_physical_merge,2026-08-17
Keonjhar,UPARJAGARA,UPARJAGARA,REG-0278,,,unresolved,candidate_only_no_cross-source_physical_merge,2026-08-17
Keonjhar,BADA GHAGHARA WATERFALL,BADA GHAGHARA WATERFALL,REG-0279,,,unresolved,candidate_only_no_cross-source_physical_merge,2026-08-17
Keonjhar,SANAGHAGHARA PARK,SANAGHAGHARA PARK,REG-0280,,,unresolved,candidate_only_no_cross-source_physical_merge,2026-08-17
Keonjhar,HATI TOWER,HATI TOWER,REG-0281,,,unresolved,candidate_only_no_cross-source_physical_merge,2026-08-17
Keonjhar,FIRE STATION,FIRE STATION,REG-0282,,,unresolved,candidate_only_no_cross-source_physical_merge,2026-08-17
Keonjhar,MUMBAI HIGHWAY ROAD,MUMBAI HIGHWAY ROAD,REG-0283,,,unresolved,candidate_only_no_cross-source_physical_merge,2026-08-17
Keonjhar,KING'S PALACE,KING'S PALACE,REG-0284,,,unresolved,candidate_only_no_cross-source_physical_merge,2026-08-17
Keonjhar,OLD TOWN POST OFFICE,OLD TOWN POST OFFICE,REG-0285,,,unresolved,candidate_only_no_cross-source_physical_merge,2026-08-17
Keonjhar,DUKHIA CHOWK,DUKHIA CHOWK,REG-0286,,,unresolved,candidate_only_no_cross-source_physical_merge,2026-08-17
Keonjhar,DHENKAPUR,DHENKAPUR,REG-0287,,,unresolved,candidate_only_no_cross-source_physical_merge,2026-08-17
Keonjhar,DISTRICT HOSPITAL,DISTRICT HOSPITAL,REG-0288,,,unresolved,candidate_only_no_cross-source_physical_merge,2026-08-17
Keonjhar,GANDHI CHOWK,GANDHI CHOWK,REG-0289,,,unresolved,candidate_only_no_cross-source_physical_merge,2026-08-17
Keonjhar,SERAJUDDIN CHOWK,SERAJUDDIN CHOWK,REG-0290,,,unresolved,candidate_only_no_cross-source_physical_merge,2026-08-17
Keonjhar,"RAILWAY STATION, KEONJHAR","RAILWAY STATION, KEONJHAR",REG-0291,,,unresolved,candidate_only_no_cross-source_physical_merge,2026-08-17
Keonjhar,KARANJIA BUS STAND,KARANJIA BUS STAND,REG-0292,,,unresolved,candidate_only_no_cross-source_physical_merge,2026-08-17
Keonjhar,RABINDRA VIDHYA NIKETAN,RABINDRA VIDHYA NIKETAN,REG-0293,,,unresolved,candidate_only_no_cross-source_physical_merge,2026-08-17
Keonjhar,GHUTUR SQUARE,GHUTUR SQUARE,REG-0294,,,unresolved,candidate_only_no_cross-source_physical_merge,2026-08-17
Keonjhar,"GURUDWARA, MUKTAPUR","GURUDWARA, MUKTAPUR",REG-0295,,,unresolved,candidate_only_no_cross-source_physical_merge,2026-08-17
Keonjhar,SHANKARPUR STADIUM,SHANKARPUR STADIUM,REG-0296,,,unresolved,candidate_only_no_cross-source_physical_merge,2026-08-17
Keonjhar,"REGIONAL COLLEGE, BABARTAPOSI","REGIONAL COLLEGE, BABARTAPOSI",REG-0297,,,unresolved,candidate_only_no_cross-source_physical_merge,2026-08-17
Keonjhar,DDU CAMPUS,DDU CAMPUS,REG-0298,,,unresolved,candidate_only_no_cross-source_physical_merge,2026-08-17
Keonjhar,SIDHHI MATHA,SIDHHI MATHA,REG-0299,,,unresolved,candidate_only_no_cross-source_physical_merge,2026-08-17
Keonjhar,AGNISHWAR MAHADEV TEMPLE,AGNISHWAR MAHADEV TEMPLE,REG-0300,,,unresolved,candidate_only_no_cross-source_physical_merge,2026-08-17
Keonjhar,JUDIA CHAURA,JUDIA CHAURA,REG-0301,,,unresolved,candidate_only_no_cross-source_physical_merge,2026-08-17
Keonjhar,NIHAL SINGH CHAKA,NIHAL SINGH CHAKA,REG-0302,,,unresolved,candidate_only_no_cross-source_physical_merge,2026-08-17
Keonjhar,DHANGARAPADA TIRAHA,DHANGARAPADA TIRAHA,REG-0303,,,unresolved,candidate_only_no_cross-source_physical_merge,2026-08-17
Keonjhar,ATOPUR ROAD,ATOPUR ROAD,REG-0304,,,unresolved,candidate_only_no_cross-source_physical_merge,2026-08-17
Keonjhar,TELKOI BUS STAND,TELKOI BUS STAND,REG-0305,,,unresolved,candidate_only_no_cross-source_physical_merge,2026-08-17
Keonjhar,LAW COLLEGE,LAW COLLEGE,REG-0306,,,unresolved,candidate_only_no_cross-source_physical_merge,2026-08-17
Keonjhar,ODISHA SCHOOL OF MINING ENGINEERING(OSME),ODISHA SCHOOL OF MINING ENGINEERING(OSME),REG-0307,,,unresolved,candidate_only_no_cross-source_physical_merge,2026-08-17
Keonjhar,SILUA MUKUNDAPUR,SILUA MUKUNDAPUR,REG-0308,,,unresolved,candidate_only_no_cross-source_physical_merge,2026-08-17
Keonjhar,"SIVA TEMPLE,GOVINDAPUR","SIVA TEMPLE,GOVINDAPUR",REG-0309,,,unresolved,candidate_only_no_cross-source_physical_merge,2026-08-17
Keonjhar,GOVINDAPUR,GOVINDAPUR,REG-0310,,,unresolved,candidate_only_no_cross-source_physical_merge,2026-08-17
Keonjhar,"SIRIDISAI, BAMPARA CHAKA","SIRIDISAI, BAMPARA CHAKA",REG-0311,,,unresolved,candidate_only_no_cross-source_physical_merge,2026-08-17
Keonjhar,CHAKA NUA SAHI,CHAKA NUA SAHI,REG-0312,,,unresolved,candidate_only_no_cross-source_physical_merge,2026-08-17
Keonjhar,DAKSHINA KALI MANDIR,DAKSHINA KALI MANDIR,REG-0313,,,unresolved,candidate_only_no_cross-source_physical_merge,2026-08-17
Keonjhar,BADADERA,BADADERA,REG-0314,,,unresolved,candidate_only_no_cross-source_physical_merge,2026-08-17
Keonjhar,DISTRICT LIBRARY,DISTRICT LIBRARY,REG-0315,,,unresolved,candidate_only_no_cross-source_physical_merge,2026-08-17
Keonjhar,BHALUKIPATALA,BHALUKIPATALA,REG-0316,,,unresolved,candidate_only_no_cross-source_physical_merge,2026-08-17
Keonjhar,SIDHIMATHA,SIDHIMATHA,REG-0317,,,unresolved,candidate_only_no_cross-source_physical_merge,2026-08-17
Keonjhar,HUDCO PARK,HUDCO PARK,REG-0318,,,unresolved,candidate_only_no_cross-source_physical_merge,2026-08-17
Keonjhar,SHREE GANESH SIKHYANUSTHAN,SHREE GANESH SIKHYANUSTHAN,REG-0319,,,unresolved,candidate_only_no_cross-source_physical_merge,2026-08-17
Keonjhar,THAKURPATNA RANKI,THAKURPATNA RANKI,REG-0320,,,unresolved,candidate_only_no_cross-source_physical_merge,2026-08-17
Keonjhar,"K.V, KEONJHAR","K.V, KEONJHAR",REG-0321,,,unresolved,candidate_only_no_cross-source_physical_merge,2026-08-17
Keonjhar,BALABHADRAPUR,BALABHADRAPUR,REG-0322,,,unresolved,candidate_only_no_cross-source_physical_merge,2026-08-17
Keonjhar,BELDA,BELDA,REG-0323,,,unresolved,candidate_only_no_cross-source_physical_merge,2026-08-17
Keonjhar,KEONJHAR BUS STAND,KEONJHAR BUS STAND,REG-0324,,,unresolved,candidate_only_no_cross-source_physical_merge,2026-08-17
Keonjhar,L.V PRASAD,L.V PRASAD,REG-0325,,,unresolved,candidate_only_no_cross-source_physical_merge,2026-08-17
Keonjhar,LORD JAGANNATH COLLEGE,LORD JAGANNATH COLLEGE,REG-0326,,,unresolved,candidate_only_no_cross-source_physical_merge,2026-08-17
Keonjhar,BANIAPAT CHOWK,BANIAPAT CHOWK,REG-0327,,,unresolved,candidate_only_no_cross-source_physical_merge,2026-08-17
Keonjhar,HARIHAR COLONY,HARIHAR COLONY,REG-0328,,,unresolved,candidate_only_no_cross-source_physical_merge,2026-08-17
Keonjhar,DD UNVERSITY,DD UNVERSITY,REG-0329,,,unresolved,candidate_only_no_cross-source_physical_merge,2026-08-17
Keonjhar,GST OFFICE,GST OFFICE,REG-0330,,,unresolved,candidate_only_no_cross-source_physical_merge,2026-08-17
Keonjhar,DHARANIDHAR MEDICAL COLLEGE,DHARANIDHAR MEDICAL COLLEGE,REG-0331,,,unresolved,candidate_only_no_cross-source_physical_merge,2026-08-17
Keonjhar,YOGI MATHA,YOGI MATHA,REG-0332,,,unresolved,candidate_only_no_cross-source_physical_merge,2026-08-17
Keonjhar,PADMPUR,PADMPUR,REG-0333,,,unresolved,candidate_only_no_cross-source_physical_merge,2026-08-17
Keonjhar,MSP SPONGE IRON,MSP SPONGE IRON,REG-0334,,,unresolved,candidate_only_no_cross-source_physical_merge,2026-08-17
Keonjhar,HUNDULA,HUNDULA,REG-0335,,,unresolved,candidate_only_no_cross-source_physical_merge,2026-08-17
Keonjhar,JAMUDIHA,JAMUDIHA,REG-0336,,,unresolved,candidate_only_no_cross-source_physical_merge,2026-08-17
Keonjhar,PALASPANGA CHOWK,PALASPANGA CHOWK,REG-0337,,,unresolved,candidate_only_no_cross-source_physical_merge,2026-08-17
Keonjhar,GREEN FIELD SCHOOL,GREEN FIELD SCHOOL,REG-0338,,,unresolved,candidate_only_no_cross-source_physical_merge,2026-08-17
Keonjhar,OSISL CHOWK,OSISL CHOWK,REG-0339,,,unresolved,candidate_only_no_cross-source_physical_merge,2026-08-17
Keonjhar,JHUMPURA BYPASS,JHUMPURA BYPASS,REG-0340,,,unresolved,candidate_only_no_cross-source_physical_merge,2026-08-17
Keonjhar,JHUMPURA BLOCK CHOWK,JHUMPURA BLOCK CHOWK,REG-0341,,,unresolved,candidate_only_no_cross-source_physical_merge,2026-08-17
Keonjhar,JHUMPURA MARKET,JHUMPURA MARKET,REG-0342,,,unresolved,candidate_only_no_cross-source_physical_merge,2026-08-17
Keonjhar,JHUMPURA BUS STAND,JHUMPURA BUS STAND,REG-0343,,,unresolved,candidate_only_no_cross-source_physical_merge,2026-08-17
Keonjhar,JHUMPURA P.S,JHUMPURA P.S,REG-0344,,,unresolved,candidate_only_no_cross-source_physical_merge,2026-08-17
Keonjhar,V-MART,V-MART,REG-0345,,,unresolved,candidate_only_no_cross-source_physical_merge,2026-08-17
Keonjhar,SAMBAD OFFICE,SAMBAD OFFICE,REG-0346,,,unresolved,candidate_only_no_cross-source_physical_merge,2026-08-17
Keonjhar,JODA BARBIL BUS STAND,JODA BARBIL BUS STAND,REG-0347,,,unresolved,candidate_only_no_cross-source_physical_merge,2026-08-17
Keonjhar,MOHIGAON,MOHIGAON,REG-0348,,,unresolved,candidate_only_no_cross-source_physical_merge,2026-08-17
Keonjhar,DHURPADA,DHURPADA,REG-0349,,,unresolved,candidate_only_no_cross-source_physical_merge,2026-08-17
Keonjhar,BALIAGUDA,BALIAGUDA,REG-0350,,,unresolved,candidate_only_no_cross-source_physical_merge,2026-08-17
Keonjhar,RAISUN,RAISUN,REG-0351,,,unresolved,candidate_only_no_cross-source_physical_merge,2026-08-17
Keonjhar,RAISUN COLLEGE,RAISUN COLLEGE,REG-0352,,,unresolved,candidate_only_no_cross-source_physical_merge,2026-08-17
Keonjhar,RAISUAN AIRSTRIP,RAISUAN AIRSTRIP,REG-0353,,,unresolved,candidate_only_no_cross-source_physical_merge,2026-08-17
Keonjhar,OMFED,OMFED,REG-0354,,,unresolved,candidate_only_no_cross-source_physical_merge,2026-08-17
