region,route_id,route_number,direction,stop_sequence,published_stop_name,canonical_name,latitude,longitude,coordinate_status,source_file,verification_date
Berhampur,BERHAMPUR-300,300,PUBLISHED_SEQUENCE,1,DUDUMA COLONY NEW BUS STAND,,,,unresolved,newpdf1.pdf,2026-08-17
Berhampur,BERHAMPUR-300,300,PUBLISHED_SEQUENCE,2,FIRST GATE,,,,unresolved,newpdf1.pdf,2026-08-17
Berhampur,BERHAMPUR-300,300,PUBLISHED_SEQUENCE,3,HARIDAKHANDI CHAKA,,,,unresolved,newpdf1.pdf,2026-08-17
Berhampur,BERHAMPUR-300,300,PUBLISHED_SEQUENCE,4,KATHA MANTU CHAKA,,,,unresolved,newpdf1.pdf,2026-08-17
Berhampur,BERHAMPUR-300,300,PUBLISHED_SEQUENCE,5,GANESH NAGAR,,,,unresolved,newpdf1.pdf,2026-08-17
Berhampur,BERHAMPUR-300,300,PUBLISHED_SEQUENCE,6,MENTU CHAKA,,,,unresolved,newpdf1.pdf,2026-08-17
Berhampur,BERHAMPUR-300,300,PUBLISHED_SEQUENCE,7,RAJA RANI APARTMENT,,,,unresolved,newpdf1.pdf,2026-08-17
Berhampur,BERHAMPUR-300,300,PUBLISHED_SEQUENCE,8,AMBA MARKET,,,,unresolved,newpdf1.pdf,2026-08-17
Berhampur,BERHAMPUR-300,300,PUBLISHED_SEQUENCE,9,HOUSING BOARD COLONY,,,,unresolved,newpdf1.pdf,2026-08-17
Berhampur,BERHAMPUR-300,300,PUBLISHED_SEQUENCE,10,SHIVASHAKIT HALL,,,,unresolved,newpdf1.pdf,2026-08-17
Berhampur,BERHAMPUR-300,300,PUBLISHED_SEQUENCE,11,PREM NAGAR SQUARE,,,,unresolved,newpdf1.pdf,2026-08-17
Berhampur,BERHAMPUR-300,300,PUBLISHED_SEQUENCE,12,REGISTER OFFICE,,,,unresolved,newpdf1.pdf,2026-08-17
Berhampur,BERHAMPUR-300,300,PUBLISHED_SEQUENCE,13,MAHATMA GANDHI STADIUM,,,,unresolved,newpdf1.pdf,2026-08-17
Berhampur,BERHAMPUR-300,300,PUBLISHED_SEQUENCE,14,GANDHI NAGAR,,,,unresolved,newpdf1.pdf,2026-08-17
Berhampur,BERHAMPUR-300,300,PUBLISHED_SEQUENCE,15,CONGRESS BHABAN,,,,unresolved,newpdf1.pdf,2026-08-17
Berhampur,BERHAMPUR-300,300,PUBLISHED_SEQUENCE,16,KHALLIKOTE COLLEGE,,,,unresolved,newpdf1.pdf,2026-08-17
Berhampur,BERHAMPUR-300,300,PUBLISHED_SEQUENCE,17,CHURCH SQUARE,,,,unresolved,newpdf1.pdf,2026-08-17
Berhampur,BERHAMPUR-300,300,PUBLISHED_SEQUENCE,18,BIJIPUR SQUARE,,,,unresolved,newpdf1.pdf,2026-08-17
Berhampur,BERHAMPUR-300,300,PUBLISHED_SEQUENCE,19,BERHAMPUR RAILWAY STATION,,,,unresolved,newpdf1.pdf,2026-08-17
Berhampur,BERHAMPUR-300,300,PUBLISHED_SEQUENCE,20,BIJIPUR SQUARE,,,,unresolved,newpdf1.pdf,2026-08-17
Berhampur,BERHAMPUR-300,300,PUBLISHED_SEQUENCE,21,GOSANINUGAA SANTOSHI TEMPLE,,,,unresolved,newpdf1.pdf,2026-08-17
Berhampur,BERHAMPUR-300,300,PUBLISHED_SEQUENCE,22,BIJIPUR STATE BANK,,,,unresolved,newpdf1.pdf,2026-08-17
Berhampur,BERHAMPUR-300,300,PUBLISHED_SEQUENCE,23,GOKUL DHAAM,,,,unresolved,newpdf1.pdf,2026-08-17
Berhampur,BERHAMPUR-300,300,PUBLISHED_SEQUENCE,24,GOSANINUGAA POLICE STATION,,,,unresolved,newpdf1.pdf,2026-08-17
Berhampur,BERHAMPUR-300,300,PUBLISHED_SEQUENCE,25,UTARESWARA TEMPLE,,,,unresolved,newpdf1.pdf,2026-08-17
Berhampur,BERHAMPUR-300,300,PUBLISHED_SEQUENCE,26,RAJ DHOBA STREET,,,,unresolved,newpdf1.pdf,2026-08-17
Berhampur,BERHAMPUR-300,300,PUBLISHED_SEQUENCE,27,ANDHPASARA SQUARE,,,,unresolved,newpdf1.pdf,2026-08-17
Berhampur,BERHAMPUR-300,300,PUBLISHED_SEQUENCE,28,NALINI NAGAR,,,,unresolved,newpdf1.pdf,2026-08-17
Berhampur,BERHAMPUR-300,300,PUBLISHED_SEQUENCE,29,HALDIAPADAR OVER BRIDGE,,,,unresolved,newpdf1.pdf,2026-08-17
Berhampur,BERHAMPUR-300,300,PUBLISHED_SEQUENCE,30,HALDIAPADAR VILLAGE,,,,unresolved,newpdf1.pdf,2026-08-17
Berhampur,BERHAMPUR-300,300,PUBLISHED_SEQUENCE,31,HALDIAPADAR NEW BUS STAND,,,,unresolved,newpdf1.pdf,2026-08-17
Berhampur,BERHAMPUR-300,300,PUBLISHED_SEQUENCE,32,MADANMOHANPUR,,,,unresolved,newpdf1.pdf,2026-08-17
Berhampur,BERHAMPUR-300,300,PUBLISHED_SEQUENCE,33,SIHNALA ROAD,,,,unresolved,newpdf1.pdf,2026-08-17
Berhampur,BERHAMPUR-300,300,PUBLISHED_SEQUENCE,34,KANISI HATA,,,,unresolved,newpdf1.pdf,2026-08-17
Berhampur,BERHAMPUR-300,300,PUBLISHED_SEQUENCE,35,KANISI VILLAGE,,,,unresolved,newpdf1.pdf,2026-08-17
Berhampur,BERHAMPUR-300,300,PUBLISHED_SEQUENCE,36,AMIT HOSPITAL,,,,unresolved,newpdf1.pdf,2026-08-17
Berhampur,BERHAMPUR-300,300,PUBLISHED_SEQUENCE,37,RANDHA CHOWK,,,,unresolved,newpdf1.pdf,2026-08-17
Berhampur,BERHAMPUR-300,300,PUBLISHED_SEQUENCE,38,GANDHI COLLEGE,,,,unresolved,newpdf1.pdf,2026-08-17
Berhampur,BERHAMPUR-300,300,PUBLISHED_SEQUENCE,39,ISANESWAR TEMPLE,,,,unresolved,newpdf1.pdf,2026-08-17
Berhampur,BERHAMPUR-300,300,PUBLISHED_SEQUENCE,40,GOLANTHRA VILLAGE,,,,unresolved,newpdf1.pdf,2026-08-17
Berhampur,BERHAMPUR-300,300,PUBLISHED_SEQUENCE,41,BHAIRAVI CHATTI,,,,unresolved,newpdf1.pdf,2026-08-17
Berhampur,BERHAMPUR-300,300,PUBLISHED_SEQUENCE,42,GOVIND NAGAR,,,,unresolved,newpdf1.pdf,2026-08-17
Berhampur,BERHAMPUR-300,300,PUBLISHED_SEQUENCE,43,NIST COLLEGE,,,,unresolved,newpdf1.pdf,2026-08-17
Berhampur,BERHAMPUR-300,300,PUBLISHED_SEQUENCE,44,DUDUMA COLONY NEW BUS STAND,,,,unresolved,newpdf1.pdf,2026-08-17
Berhampur,BERHAMPUR-300,300,PUBLISHED_SEQUENCE,45,NIST COLLEGE,,,,unresolved,newpdf1.pdf,2026-08-17
Berhampur,BERHAMPUR-301,301,PUBLISHED_SEQUENCE,1,BERHAMPUR RAILWAY STATION,,,,unresolved,newpdf1.pdf,2026-08-17
Berhampur,BERHAMPUR-301,301,PUBLISHED_SEQUENCE,2,BIJIPUR SQUARE,,,,unresolved,newpdf1.pdf,2026-08-17
Berhampur,BERHAMPUR-301,301,PUBLISHED_SEQUENCE,3,CHURCH SQUARE,,,,unresolved,newpdf1.pdf,2026-08-17
Berhampur,BERHAMPUR-301,301,PUBLISHED_SEQUENCE,4,TATA BENZ SQUARE,,,,unresolved,newpdf1.pdf,2026-08-17
Berhampur,BERHAMPUR-301,301,PUBLISHED_SEQUENCE,5,KAMAPALLI,,,,unresolved,newpdf1.pdf,2026-08-17
Berhampur,BERHAMPUR-301,301,PUBLISHED_SEQUENCE,6,COURTPETA SQUARE,,,,unresolved,newpdf1.pdf,2026-08-17
Berhampur,BERHAMPUR-301,301,PUBLISHED_SEQUENCE,7,MKCG STATE BANK,,,,unresolved,newpdf1.pdf,2026-08-17
Berhampur,BERHAMPUR-301,301,PUBLISHED_SEQUENCE,8,MKCG MEDICAL COLLEGE SQUARE,,,,unresolved,newpdf1.pdf,2026-08-17
Berhampur,BERHAMPUR-301,301,PUBLISHED_SEQUENCE,9,GAJAPATI NAGAR,,,,unresolved,newpdf1.pdf,2026-08-17
Berhampur,BERHAMPUR-301,301,PUBLISHED_SEQUENCE,10,JAYAPRAKASH NAGAR,,,,unresolved,newpdf1.pdf,2026-08-17
Berhampur,BERHAMPUR-301,301,PUBLISHED_SEQUENCE,11,ENGINEERING SCHOOL CHOWK BERHAMPUR,,,,unresolved,newpdf1.pdf,2026-08-17
Berhampur,BERHAMPUR-301,301,PUBLISHED_SEQUENCE,12,GOVERNMENT ITI,,,,unresolved,newpdf1.pdf,2026-08-17
Berhampur,BERHAMPUR-301,301,PUBLISHED_SEQUENCE,13,LIC OFFICE BERHAMPUR,,,,unresolved,newpdf1.pdf,2026-08-17
Berhampur,BERHAMPUR-301,301,PUBLISHED_SEQUENCE,14,KHODA SINGH GATE,,,,unresolved,newpdf1.pdf,2026-08-17
Berhampur,BERHAMPUR-301,301,PUBLISHED_SEQUENCE,15,GOPALPUR JUNCTION,,,,unresolved,newpdf1.pdf,2026-08-17
Berhampur,BERHAMPUR-301,301,PUBLISHED_SEQUENCE,16,ROLAND PHARMACY COLLEGE,,,,unresolved,newpdf1.pdf,2026-08-17
Berhampur,BERHAMPUR-301,301,PUBLISHED_SEQUENCE,17,GANJAM LAW COLLEGE,,,,unresolved,newpdf1.pdf,2026-08-17
Berhampur,BERHAMPUR-301,301,PUBLISHED_SEQUENCE,18,BHIMA NAGAR,,,,unresolved,newpdf1.pdf,2026-08-17
Berhampur,BERHAMPUR-301,301,PUBLISHED_SEQUENCE,19,AMBAPUA,,,,unresolved,newpdf1.pdf,2026-08-17
Berhampur,BERHAMPUR-301,301,PUBLISHED_SEQUENCE,20,VIVAK BIHAR,,,,unresolved,newpdf1.pdf,2026-08-17
Berhampur,BERHAMPUR-301,301,PUBLISHED_SEQUENCE,21,CITY COLLEGE SQUARE BERHAMPUR,,,,unresolved,newpdf1.pdf,2026-08-17
Berhampur,BERHAMPUR-301,301,PUBLISHED_SEQUENCE,22,INCOME TAX OFFICE BERHAMPUR,,,,unresolved,newpdf1.pdf,2026-08-17
Berhampur,BERHAMPUR-301,301,PUBLISHED_SEQUENCE,23,CENTRAL SCHOOL BERHAMPUR,,,,unresolved,newpdf1.pdf,2026-08-17
Berhampur,BERHAMPUR-301,301,PUBLISHED_SEQUENCE,24,CITY COLLEGE BERHAMPUR,,,,unresolved,newpdf1.pdf,2026-08-17
Berhampur,BERHAMPUR-301,301,PUBLISHED_SEQUENCE,25,ROCK GARDEN,,,,unresolved,newpdf1.pdf,2026-08-17
Berhampur,BERHAMPUR-301,301,PUBLISHED_SEQUENCE,26,BARRACK GROUND,,,,unresolved,newpdf1.pdf,2026-08-17
Berhampur,BERHAMPUR-301,301,PUBLISHED_SEQUENCE,27,ROCK GARDEN 1,,,,unresolved,newpdf1.pdf,2026-08-17
Berhampur,BERHAMPUR-301,301,PUBLISHED_SEQUENCE,28,CITY COLLEGE BERHAMPUR 1,,,,unresolved,newpdf1.pdf,2026-08-17
Berhampur,BERHAMPUR-301,301,PUBLISHED_SEQUENCE,29,CENTRAL SCHOOL BERHAMPUR 1,,,,unresolved,newpdf1.pdf,2026-08-17
Berhampur,BERHAMPUR-301,301,PUBLISHED_SEQUENCE,30,INCOME TAX OFFICE BERHAMPUR 1,,,,unresolved,newpdf1.pdf,2026-08-17
Berhampur,BERHAMPUR-301,301,PUBLISHED_SEQUENCE,31,CITY COLLEGE SQUARE BERHAMPUR 1,,,,unresolved,newpdf1.pdf,2026-08-17
Berhampur,BERHAMPUR-301,301,PUBLISHED_SEQUENCE,32,JAGANNATH PUR CHAKA,,,,unresolved,newpdf1.pdf,2026-08-17
Berhampur,BERHAMPUR-301,301,PUBLISHED_SEQUENCE,33,KUSASTHALI COLLEGE,,,,unresolved,newpdf1.pdf,2026-08-17
Berhampur,BERHAMPUR-301,301,PUBLISHED_SEQUENCE,34,NARANDRA PUR,,,,unresolved,newpdf1.pdf,2026-08-17
Berhampur,BERHAMPUR-301,301,PUBLISHED_SEQUENCE,35,TATA COLONY,,,,unresolved,newpdf1.pdf,2026-08-17
Berhampur,BERHAMPUR-301,301,PUBLISHED_SEQUENCE,36,SUM HOSPITAL,,,,unresolved,newpdf1.pdf,2026-08-17
Berhampur,BERHAMPUR-301,301,PUBLISHED_SEQUENCE,37,PARALA MAHARAJA COLLEGE,,,,unresolved,newpdf1.pdf,2026-08-17
Berhampur,BERHAMPUR-301,301,PUBLISHED_SEQUENCE,38,SITALAPALI SQUARE,,,,unresolved,newpdf1.pdf,2026-08-17
Berhampur,BERHAMPUR-301,301,PUBLISHED_SEQUENCE,39,BERHAMPUR RAILWAY STATION,,,,unresolved,newpdf1.pdf,2026-08-17
Berhampur,BERHAMPUR-301,301,PUBLISHED_SEQUENCE,40,SUM HOSPITAL - PARALA MAHARAJA COLLEGE,,,,unresolved,newpdf1.pdf,2026-08-17
Berhampur,BERHAMPUR-302,302,UP,1,G JAGGANATHPUR,,,,unresolved,newpdf1.pdf,2026-08-17
Berhampur,BERHAMPUR-302,302,UP,2,SHRI GANGADHARESHWAR TEMPLE,,,,unresolved,newpdf1.pdf,2026-08-17
Berhampur,BERHAMPUR-302,302,UP,3,TECHNO PARK,,,,unresolved,newpdf1.pdf,2026-08-17
Berhampur,BERHAMPUR-302,302,UP,4,OLD JUGIYAPALLI,,,,unresolved,newpdf1.pdf,2026-08-17
Berhampur,BERHAMPUR-302,302,UP,5,NEW JUGIYAPALLI,,,,unresolved,newpdf1.pdf,2026-08-17
Berhampur,BERHAMPUR-302,302,UP,6,TECHNO CITY,,,,unresolved,newpdf1.pdf,2026-08-17
Berhampur,BERHAMPUR-302,302,UP,7,GURUNTHI VILLAGE,,,,unresolved,newpdf1.pdf,2026-08-17
Berhampur,BERHAMPUR-302,302,UP,8,GURUNTHI CHOWK,,,,unresolved,newpdf1.pdf,2026-08-17
Berhampur,BERHAMPUR-302,302,UP,9,HUGULAPATA,,,,unresolved,newpdf1.pdf,2026-08-17
Berhampur,BERHAMPUR-302,302,UP,10,RAMAPALLI,,,,unresolved,newpdf1.pdf,2026-08-17
Berhampur,BERHAMPUR-302,302,UP,11,CHANDIPADAR CHOWK,,,,unresolved,newpdf1.pdf,2026-08-17
Berhampur,BERHAMPUR-302,302,UP,12,CHANDIPADAR VILLAGE,,,,unresolved,newpdf1.pdf,2026-08-17
Berhampur,BERHAMPUR-302,302,UP,13,SMIT DEGREE COLLEGE,,,,unresolved,newpdf1.pdf,2026-08-17
Berhampur,BERHAMPUR-302,302,UP,14,REGIDI CHOWK,,,,unresolved,newpdf1.pdf,2026-08-17
Berhampur,BERHAMPUR-302,302,UP,15,BERHAMPUR RAILWAY STATION,,,,unresolved,newpdf1.pdf,2026-08-17
Berhampur,BERHAMPUR-302,302,UP,16,BIJIPUR SQUARE,,,,unresolved,newpdf1.pdf,2026-08-17
Berhampur,BERHAMPUR-302,302,UP,17,CHURCH SQUARE,,,,unresolved,newpdf1.pdf,2026-08-17
Berhampur,BERHAMPUR-302,302,UP,18,TATA BENZ SQUARE,,,,unresolved,newpdf1.pdf,2026-08-17
Berhampur,BERHAMPUR-302,302,UP,19,KAMAPALLI,,,,unresolved,newpdf1.pdf,2026-08-17
Berhampur,BERHAMPUR-302,302,UP,20,COURTPETA SQUARE,,,,unresolved,newpdf1.pdf,2026-08-17
Berhampur,BERHAMPUR-302,302,UP,21,GOILUNDI SQUARE,,,,unresolved,newpdf1.pdf,2026-08-17
Berhampur,BERHAMPUR-302,302,UP,22,BHABA NAGAR SQUARE,,,,unresolved,newpdf1.pdf,2026-08-17
Berhampur,BERHAMPUR-302,302,UP,23,BERHAMPUR NEW BUS STAND,,,,unresolved,newpdf1.pdf,2026-08-17
Berhampur,BERHAMPUR-302,302,UP,24,PAYAL TALKIES,,,,unresolved,newpdf1.pdf,2026-08-17
Berhampur,BERHAMPUR-302,302,UP,25,BERHAMPUR RADIO STATION,,,,unresolved,newpdf1.pdf,2026-08-17
Berhampur,BERHAMPUR-302,302,UP,26,BRAJA NAGAR,,,,unresolved,newpdf1.pdf,2026-08-17
Berhampur,BERHAMPUR-302,302,UP,27,GOVINDA VIHAR,,,,unresolved,newpdf1.pdf,2026-08-17
Berhampur,BERHAMPUR-302,302,UP,28,LOCHAPADA HANUMAN MANDIR SQUARE,,,,unresolved,newpdf1.pdf,2026-08-17
Berhampur,BERHAMPUR-302,302,UP,29,LOCHAPADA GANESH BAZAAR,,,,unresolved,newpdf1.pdf,2026-08-17
Berhampur,BERHAMPUR-302,302,UP,30,BRAHMAPUR RAILWAY STATION,,,,unresolved,newpdf1.pdf,2026-08-17
Berhampur,BERHAMPUR-302,302,UP,31,REGIDI CHOWK,,,,unresolved,newpdf1.pdf,2026-08-17
Berhampur,BERHAMPUR-302,302,DOWN,1,JAGADALPUR GRAMAPANCHAYAT,,,,unresolved,newpdf1.pdf,2026-08-17
Berhampur,BERHAMPUR-302,302,DOWN,2,JAGADALPUR VILLAGE,,,,unresolved,newpdf1.pdf,2026-08-17
Berhampur,BERHAMPUR-302,302,DOWN,3,JAGADALPUR UP SCHOOL,,,,unresolved,newpdf1.pdf,2026-08-17
Berhampur,BERHAMPUR-302,302,DOWN,4,JAGADALPUR RI OFFICE,,,,unresolved,newpdf1.pdf,2026-08-17
Berhampur,BERHAMPUR-302,302,DOWN,5,RAJARANI APARTMENT,,,,unresolved,newpdf1.pdf,2026-08-17
Berhampur,BERHAMPUR-302,302,DOWN,6,SHREEKHETRA VIHAR,,,,unresolved,newpdf1.pdf,2026-08-17
Berhampur,BERHAMPUR-302,302,DOWN,7,AUTO NAGAR,,,,unresolved,newpdf1.pdf,2026-08-17
Berhampur,BERHAMPUR-302,302,DOWN,8,TRUCK UNION,,,,unresolved,newpdf1.pdf,2026-08-17
Berhampur,BERHAMPUR-302,302,DOWN,9,FIRST GATE,,,,unresolved,newpdf1.pdf,2026-08-17
Berhampur,BERHAMPUR-302,302,DOWN,10,HARADAKHANDI SQARE,,,,unresolved,newpdf1.pdf,2026-08-17
Berhampur,BERHAMPUR-302,302,DOWN,11,KHATA MANTU CHAKA,,,,unresolved,newpdf1.pdf,2026-08-17
Berhampur,BERHAMPUR-302,302,DOWN,12,GANESH NAGAR,,,,unresolved,newpdf1.pdf,2026-08-17
Berhampur,BERHAMPUR-302,302,DOWN,13,MANTU CHAKA,,,,unresolved,newpdf1.pdf,2026-08-17
Berhampur,BERHAMPUR-302,302,DOWN,14,RAJA RANI APARTMENT,,,,unresolved,newpdf1.pdf,2026-08-17
Berhampur,BERHAMPUR-302,302,DOWN,15,AMBA MARKET,,,,unresolved,newpdf1.pdf,2026-08-17
Berhampur,BERHAMPUR-302,302,DOWN,16,ROYAL PHARMACY COLLEGE,,,,unresolved,newpdf1.pdf,2026-08-17
Berhampur,BERHAMPUR-302,302,DOWN,17,PATITA PABAN NAGAR,,,,unresolved,newpdf1.pdf,2026-08-17
Berhampur,BERHAMPUR-302,302,DOWN,18,ANDHAPASARA ROAD,,,,unresolved,newpdf1.pdf,2026-08-17
Berhampur,BERHAMPUR-302,302,DOWN,19,UTTARESWAR TEMPLE,,,,unresolved,newpdf1.pdf,2026-08-17
Berhampur,BERHAMPUR-302,302,DOWN,20,"POLICE STATION, GOSANINUAGAON",,,,unresolved,newpdf1.pdf,2026-08-17
Berhampur,BERHAMPUR-302,302,DOWN,21,GOKUL DHAAM,,,,unresolved,newpdf1.pdf,2026-08-17
Berhampur,BERHAMPUR-302,302,DOWN,22,BIJIPUR STATE BANK,,,,unresolved,newpdf1.pdf,2026-08-17
Berhampur,BERHAMPUR-302,302,DOWN,23,GOSANINUGAA SANTOSHI TEMPLE,,,,unresolved,newpdf1.pdf,2026-08-17
Berhampur,BERHAMPUR-302,302,DOWN,24,BIJIPUR SQUARE,,,,unresolved,newpdf1.pdf,2026-08-17
Berhampur,BERHAMPUR-302,302,DOWN,25,BERHAMPUR RAILWAY STATION,,,,unresolved,newpdf1.pdf,2026-08-17
Berhampur,BERHAMPUR-302,302,DOWN,26,REGIDI CHOWK,,,,unresolved,newpdf1.pdf,2026-08-17
Berhampur,BERHAMPUR-302,302,DOWN,27,SMIT DEGREE COLLEGE,,,,unresolved,newpdf1.pdf,2026-08-17
Berhampur,BERHAMPUR-302,302,DOWN,28,CHANDIPADAR VILLAGE,,,,unresolved,newpdf1.pdf,2026-08-17
Berhampur,BERHAMPUR-302,302,DOWN,29,CHANDIPADAR CHOWK,,,,unresolved,newpdf1.pdf,2026-08-17
Berhampur,BERHAMPUR-302,302,DOWN,30,RAMAPALLI,,,,unresolved,newpdf1.pdf,2026-08-17
Berhampur,BERHAMPUR-302,302,DOWN,31,HUGULAPATA,,,,unresolved,newpdf1.pdf,2026-08-17
Berhampur,BERHAMPUR-302,302,DOWN,32,GURUNTHI CHOWK,,,,unresolved,newpdf1.pdf,2026-08-17
Berhampur,BERHAMPUR-302,302,DOWN,33,GURUNTHI VILLAGE,,,,unresolved,newpdf1.pdf,2026-08-17
Berhampur,BERHAMPUR-302,302,DOWN,34,TECHNO CITY,,,,unresolved,newpdf1.pdf,2026-08-17
Berhampur,BERHAMPUR-302,302,DOWN,35,NEW JUGIYAPALLI,,,,unresolved,newpdf1.pdf,2026-08-17
Berhampur,BERHAMPUR-302,302,DOWN,36,OLD JUGIYAPALLI,,,,unresolved,newpdf1.pdf,2026-08-17
Berhampur,BERHAMPUR-302,302,DOWN,37,TECHNO PARK,,,,unresolved,newpdf1.pdf,2026-08-17
Berhampur,BERHAMPUR-302,302,DOWN,38,SHRI GANGADHARESHWAR TEMPLE,,,,unresolved,newpdf1.pdf,2026-08-17
Berhampur,BERHAMPUR-302,302,DOWN,39,G JAGGANATHPUR,,,,unresolved,newpdf1.pdf,2026-08-17
Berhampur,BERHAMPUR-302,302,DOWN,40,LOCHAPADA GANESH BAZAAR,,,,unresolved,newpdf1.pdf,2026-08-17
Berhampur,BERHAMPUR-302,302,DOWN,41,LOCHAPADA HANUMAN MANDIR SQUARE,,,,unresolved,newpdf1.pdf,2026-08-17
Berhampur,BERHAMPUR-302,302,DOWN,42,NIMAKHANDI RI OFFICE,,,,unresolved,newpdf1.pdf,2026-08-17
Berhampur,BERHAMPUR-302,302,DOWN,43,BORIGANA,,,,unresolved,newpdf1.pdf,2026-08-17
Berhampur,BERHAMPUR-302,302,DOWN,44,REGIDI CHOWK,,,,unresolved,newpdf1.pdf,2026-08-17
Berhampur,BERHAMPUR-302,302,DOWN,45,BRAHMAPUR RAILWAY STATION,,,,unresolved,newpdf1.pdf,2026-08-17
Berhampur,BERHAMPUR-303,303,PUBLISHED_SEQUENCE,1,MKCG STATE BANK,,,,unresolved,newpdf1.pdf,2026-08-17
Berhampur,BERHAMPUR-303,303,PUBLISHED_SEQUENCE,2,MKCG MEDICAL COLLEGE SQUARE,,,,unresolved,newpdf1.pdf,2026-08-17
Berhampur,BERHAMPUR-303,303,PUBLISHED_SEQUENCE,3,GAJAPATI NAGAR,,,,unresolved,newpdf1.pdf,2026-08-17
Berhampur,BERHAMPUR-303,303,PUBLISHED_SEQUENCE,4,JAYAPRAKASH NAGAR,,,,unresolved,newpdf1.pdf,2026-08-17
Berhampur,BERHAMPUR-303,303,PUBLISHED_SEQUENCE,5,ENGINEERING SCHOOL CHOWK BERHAMPUR,,,,unresolved,newpdf1.pdf,2026-08-17
Berhampur,BERHAMPUR-303,303,PUBLISHED_SEQUENCE,6,GOVERNMENT ITI,,,,unresolved,newpdf1.pdf,2026-08-17
Berhampur,BERHAMPUR-303,303,PUBLISHED_SEQUENCE,7,LIC OFFICE BERHAMPUR,,,,unresolved,newpdf1.pdf,2026-08-17
Berhampur,BERHAMPUR-303,303,PUBLISHED_SEQUENCE,8,KHODA SINGH GATE,,,,unresolved,newpdf1.pdf,2026-08-17
Berhampur,BERHAMPUR-303,303,PUBLISHED_SEQUENCE,9,GOPALPUR JUNCTION,,,,unresolved,newpdf1.pdf,2026-08-17
Berhampur,BERHAMPUR-303,303,PUBLISHED_SEQUENCE,10,PATHARA,,,,unresolved,newpdf1.pdf,2026-08-17
Berhampur,BERHAMPUR-303,303,PUBLISHED_SEQUENCE,11,BAHADURPETTA,,,,unresolved,newpdf1.pdf,2026-08-17
Berhampur,BERHAMPUR-303,303,PUBLISHED_SEQUENCE,12,RAMACHANDRAPUR,,,,unresolved,newpdf1.pdf,2026-08-17
Berhampur,BERHAMPUR-303,303,PUBLISHED_SEQUENCE,13,ARMY AD 1ST GATE,,,,unresolved,newpdf1.pdf,2026-08-17
Berhampur,BERHAMPUR-303,303,PUBLISHED_SEQUENCE,14,DEFENCE COLONY,,,,unresolved,newpdf1.pdf,2026-08-17
Berhampur,BERHAMPUR-303,303,PUBLISHED_SEQUENCE,15,BISWANATHPUR,,,,unresolved,newpdf1.pdf,2026-08-17
Berhampur,BERHAMPUR-303,303,PUBLISHED_SEQUENCE,16,RAKHIYA VIHAR,,,,unresolved,newpdf1.pdf,2026-08-17
Berhampur,BERHAMPUR-303,303,PUBLISHED_SEQUENCE,17,TARINI PANTHO,,,,unresolved,newpdf1.pdf,2026-08-17
Berhampur,BERHAMPUR-303,303,PUBLISHED_SEQUENCE,18,KADARPALI,,,,unresolved,newpdf1.pdf,2026-08-17
Berhampur,BERHAMPUR-303,303,PUBLISHED_SEQUENCE,19,ARMY AD GATE NO - 2,,,,unresolved,newpdf1.pdf,2026-08-17
Berhampur,BERHAMPUR-303,303,PUBLISHED_SEQUENCE,20,NEW KAMALAPUR,,,,unresolved,newpdf1.pdf,2026-08-17
Berhampur,BERHAMPUR-303,303,PUBLISHED_SEQUENCE,21,OLD KAMALAPUR,,,,unresolved,newpdf1.pdf,2026-08-17
Berhampur,BERHAMPUR-303,303,PUBLISHED_SEQUENCE,22,GOLABANDHA,,,,unresolved,newpdf1.pdf,2026-08-17
Berhampur,BERHAMPUR-303,303,PUBLISHED_SEQUENCE,23,GOLABANDHA CHURCH,,,,unresolved,newpdf1.pdf,2026-08-17
Berhampur,BERHAMPUR-303,303,PUBLISHED_SEQUENCE,24,HATIPADA,,,,unresolved,newpdf1.pdf,2026-08-17
Berhampur,BERHAMPUR-303,303,PUBLISHED_SEQUENCE,25,DHABALESWAR TEMPLE,,,,unresolved,newpdf1.pdf,2026-08-17
Berhampur,BERHAMPUR-303,303,PUBLISHED_SEQUENCE,26,DUDUMA COLONY NEW BUS STAND,,,,unresolved,newpdf1.pdf,2026-08-17
Berhampur,BERHAMPUR-303,303,PUBLISHED_SEQUENCE,27,FIRST GATE,,,,unresolved,newpdf1.pdf,2026-08-17
Berhampur,BERHAMPUR-303,303,PUBLISHED_SEQUENCE,28,HARIDAKHANDI CHAKA,,,,unresolved,newpdf1.pdf,2026-08-17
Berhampur,BERHAMPUR-303,303,PUBLISHED_SEQUENCE,29,KHATA MANTU CHAKA,,,,unresolved,newpdf1.pdf,2026-08-17
Berhampur,BERHAMPUR-303,303,PUBLISHED_SEQUENCE,30,GANESH NAGAR,,,,unresolved,newpdf1.pdf,2026-08-17
Berhampur,BERHAMPUR-303,303,PUBLISHED_SEQUENCE,31,MANTU CHAKA,,,,unresolved,newpdf1.pdf,2026-08-17
Berhampur,BERHAMPUR-303,303,PUBLISHED_SEQUENCE,32,RAJA RANI APARTMENT,,,,unresolved,newpdf1.pdf,2026-08-17
Berhampur,BERHAMPUR-303,303,PUBLISHED_SEQUENCE,33,AMBA MARKET,,,,unresolved,newpdf1.pdf,2026-08-17
Berhampur,BERHAMPUR-303,303,PUBLISHED_SEQUENCE,34,ROYAL PHARMACY COLLEGE,,,,unresolved,newpdf1.pdf,2026-08-17
Berhampur,BERHAMPUR-303,303,PUBLISHED_SEQUENCE,35,PATITA PABAN NAGAR,,,,unresolved,newpdf1.pdf,2026-08-17
Berhampur,BERHAMPUR-303,303,PUBLISHED_SEQUENCE,36,ANDHAPASARA ROAD,,,,unresolved,newpdf1.pdf,2026-08-17
Berhampur,BERHAMPUR-303,303,PUBLISHED_SEQUENCE,37,UTTARESWAR TEMPLE,,,,unresolved,newpdf1.pdf,2026-08-17
Berhampur,BERHAMPUR-303,303,PUBLISHED_SEQUENCE,38,"POLICE STATION,GOSANINUAGAON",,,,unresolved,newpdf1.pdf,2026-08-17
Berhampur,BERHAMPUR-303,303,PUBLISHED_SEQUENCE,39,RAILWAY STATION P.F-4,,,,unresolved,newpdf1.pdf,2026-08-17
Berhampur,BERHAMPUR-303,303,PUBLISHED_SEQUENCE,40,GURUKUL SCHOOL,,,,unresolved,newpdf1.pdf,2026-08-17
Berhampur,BERHAMPUR-303,303,PUBLISHED_SEQUENCE,41,CHANDAN NAGAR,,,,unresolved,newpdf1.pdf,2026-08-17
Berhampur,BERHAMPUR-303,303,PUBLISHED_SEQUENCE,42,LANJIPALI VILLAGE,,,,unresolved,newpdf1.pdf,2026-08-17
Berhampur,BERHAMPUR-303,303,PUBLISHED_SEQUENCE,43,LANJIPALI P.S,,,,unresolved,newpdf1.pdf,2026-08-17
Berhampur,BERHAMPUR-303,303,PUBLISHED_SEQUENCE,44,SUBHASH NAGAR,,,,unresolved,newpdf1.pdf,2026-08-17
Berhampur,BERHAMPUR-303,303,PUBLISHED_SEQUENCE,45,ANKULI,,,,unresolved,newpdf1.pdf,2026-08-17
Berhampur,BERHAMPUR-303,303,PUBLISHED_SEQUENCE,46,ENGINEERING SCHOOL CHOWK BERHAMPUR,,,,unresolved,newpdf1.pdf,2026-08-17
Berhampur,BERHAMPUR-303,303,PUBLISHED_SEQUENCE,47,DUDUMA COLONY NEW BUS STAND,,,,unresolved,newpdf1.pdf,2026-08-17
Berhampur,BERHAMPUR-304,304,UP,1,NEW JUGIYAPALLI,,,,unresolved,newpdf1.pdf,2026-08-17
Berhampur,BERHAMPUR-304,304,UP,2,TECHNO CITY,,,,unresolved,newpdf1.pdf,2026-08-17
Berhampur,BERHAMPUR-304,304,UP,3,GURUNTHI VILLAGE,,,,unresolved,newpdf1.pdf,2026-08-17
Berhampur,BERHAMPUR-304,304,UP,4,GURUNTHI CHOWK,,,,unresolved,newpdf1.pdf,2026-08-17
Berhampur,BERHAMPUR-304,304,UP,5,LAXMINARAYANPUR,,,,unresolved,newpdf1.pdf,2026-08-17
Berhampur,BERHAMPUR-304,304,UP,6,JAKARPALLI,,,,unresolved,newpdf1.pdf,2026-08-17
Berhampur,BERHAMPUR-304,304,UP,7,BARAPALLI,,,,unresolved,newpdf1.pdf,2026-08-17
Berhampur,BERHAMPUR-304,304,UP,8,SIKULAPALLI,,,,unresolved,newpdf1.pdf,2026-08-17
Berhampur,BERHAMPUR-304,304,UP,9,PALASI,,,,unresolved,newpdf1.pdf,2026-08-17
Berhampur,BERHAMPUR-304,304,UP,10,GONDALA,,,,unresolved,newpdf1.pdf,2026-08-17
Berhampur,BERHAMPUR-304,304,UP,11,SHANTI NAGAR,,,,unresolved,newpdf1.pdf,2026-08-17
Berhampur,BERHAMPUR-304,304,UP,12,BELLAGAM,,,,unresolved,newpdf1.pdf,2026-08-17
Berhampur,BERHAMPUR-304,304,UP,13,D PATAPUR,,,,unresolved,newpdf1.pdf,2026-08-17
Berhampur,BERHAMPUR-304,304,UP,14,D.PATAPUR VILLAGE,,,,unresolved,newpdf1.pdf,2026-08-17
Berhampur,BERHAMPUR-304,304,UP,15,DHOBADI CHAKA,,,,unresolved,newpdf1.pdf,2026-08-17
Berhampur,BERHAMPUR-304,304,UP,16,DHOBADI VILLAGE,,,,unresolved,newpdf1.pdf,2026-08-17
Berhampur,BERHAMPUR-304,304,UP,17,BALAKRISHNSPUR VILLAGE,,,,unresolved,newpdf1.pdf,2026-08-17
Berhampur,BERHAMPUR-304,304,UP,18,NANDIKA,,,,unresolved,newpdf1.pdf,2026-08-17
Berhampur,BERHAMPUR-304,304,UP,19,RALABA,,,,unresolved,newpdf1.pdf,2026-08-17
Berhampur,BERHAMPUR-304,304,UP,20,BERHAMPUR RAILWAY STATION,,,,unresolved,newpdf1.pdf,2026-08-17
Berhampur,BERHAMPUR-304,304,UP,21,BIJIPUR SQUARE,,,,unresolved,newpdf1.pdf,2026-08-17
Berhampur,BERHAMPUR-304,304,UP,22,CHURCH SQUARE,,,,unresolved,newpdf1.pdf,2026-08-17
Berhampur,BERHAMPUR-304,304,UP,23,TATA BENZ SQUARE,,,,unresolved,newpdf1.pdf,2026-08-17
Berhampur,BERHAMPUR-304,304,UP,24,KAMAPALLI,,,,unresolved,newpdf1.pdf,2026-08-17
Berhampur,BERHAMPUR-304,304,UP,25,COURTPETA SQUARE,,,,unresolved,newpdf1.pdf,2026-08-17
Berhampur,BERHAMPUR-304,304,UP,26,GOILUNDI SQUARE,,,,unresolved,newpdf1.pdf,2026-08-17
Berhampur,BERHAMPUR-304,304,UP,27,BHABA NAGAR SQUARE,,,,unresolved,newpdf1.pdf,2026-08-17
Berhampur,BERHAMPUR-304,304,UP,28,BERHAMPUR NEW BUS STAND,,,,unresolved,newpdf1.pdf,2026-08-17
Berhampur,BERHAMPUR-304,304,UP,29,PAYAL TALKIES,,,,unresolved,newpdf1.pdf,2026-08-17
Berhampur,BERHAMPUR-304,304,UP,30,BERHAMPUR RADIO STATION,,,,unresolved,newpdf1.pdf,2026-08-17
Berhampur,BERHAMPUR-304,304,UP,31,BRAJA NAGAR,,,,unresolved,newpdf1.pdf,2026-08-17
Berhampur,BERHAMPUR-304,304,UP,32,GOVINDA VIHAR,,,,unresolved,newpdf1.pdf,2026-08-17
Berhampur,BERHAMPUR-304,304,UP,33,LOCHAPADA HANUMAN MANDIR SQUARE,,,,unresolved,newpdf1.pdf,2026-08-17
Berhampur,BERHAMPUR-304,304,UP,34,LOCHAPADA GANESH BAZAAR,,,,unresolved,newpdf1.pdf,2026-08-17
Berhampur,BERHAMPUR-304,304,UP,35,G JAGGANATHPUR,,,,unresolved,newpdf1.pdf,2026-08-17
Berhampur,BERHAMPUR-304,304,UP,36,SHRI GANGADHARESHWAR TEMPLE,,,,unresolved,newpdf1.pdf,2026-08-17
Berhampur,BERHAMPUR-304,304,UP,37,TECHNO PARK,,,,unresolved,newpdf1.pdf,2026-08-17
Berhampur,BERHAMPUR-304,304,UP,38,OLD JUGIYAPALLI,,,,unresolved,newpdf1.pdf,2026-08-17
Berhampur,BERHAMPUR-304,304,UP,39,BERHAMPUR RAILWAY STATION,,,,unresolved,newpdf1.pdf,2026-08-17
Berhampur,BERHAMPUR-304,304,UP,40,RALABA,,,,unresolved,newpdf1.pdf,2026-08-17
Berhampur,BERHAMPUR-304,304,DOWN,1,OLD JUGIYAPALLI,,,,unresolved,newpdf1.pdf,2026-08-17
Berhampur,BERHAMPUR-304,304,DOWN,2,TECHNO PARK,,,,unresolved,newpdf1.pdf,2026-08-17
Berhampur,BERHAMPUR-304,304,DOWN,3,SHRI GANGADHARESHWAR TEMPLE,,,,unresolved,newpdf1.pdf,2026-08-17
Berhampur,BERHAMPUR-304,304,DOWN,4,G JAGGANATHPUR,,,,unresolved,newpdf1.pdf,2026-08-17
Berhampur,BERHAMPUR-304,304,DOWN,5,LOCHAPADA GANESH BAZAAR,,,,unresolved,newpdf1.pdf,2026-08-17
Berhampur,BERHAMPUR-304,304,DOWN,6,LOCHAPADA HANUMAN MANDIR SQUARE,,,,unresolved,newpdf1.pdf,2026-08-17
Berhampur,BERHAMPUR-304,304,DOWN,7,NIMAKHANDI RI OFFICE,,,,unresolved,newpdf1.pdf,2026-08-17
Berhampur,BERHAMPUR-304,304,DOWN,8,BORIGANA,,,,unresolved,newpdf1.pdf,2026-08-17
Berhampur,BERHAMPUR-304,304,DOWN,9,JAGADALPUR GRAMAPANCHAYAT,,,,unresolved,newpdf1.pdf,2026-08-17
Berhampur,BERHAMPUR-304,304,DOWN,10,JAGADALPUR VILLAGE,,,,unresolved,newpdf1.pdf,2026-08-17
Berhampur,BERHAMPUR-304,304,DOWN,11,JAGADALPUR UP SCHOOL,,,,unresolved,newpdf1.pdf,2026-08-17
Berhampur,BERHAMPUR-304,304,DOWN,12,JAGADALPUR RI OFFICE,,,,unresolved,newpdf1.pdf,2026-08-17
Berhampur,BERHAMPUR-304,304,DOWN,13,RAJARANI APARTMENT,,,,unresolved,newpdf1.pdf,2026-08-17
Berhampur,BERHAMPUR-304,304,DOWN,14,SHREEKHETRA VIHAR,,,,unresolved,newpdf1.pdf,2026-08-17
Berhampur,BERHAMPUR-304,304,DOWN,15,AUTO NAGAR,,,,unresolved,newpdf1.pdf,2026-08-17
Berhampur,BERHAMPUR-304,304,DOWN,16,TRUCK UNION,,,,unresolved,newpdf1.pdf,2026-08-17
Berhampur,BERHAMPUR-304,304,DOWN,17,FIRST GATE,,,,unresolved,newpdf1.pdf,2026-08-17
Berhampur,BERHAMPUR-304,304,DOWN,18,HARADAKHANDI SQARE,,,,unresolved,newpdf1.pdf,2026-08-17
Berhampur,BERHAMPUR-304,304,DOWN,19,KHATA MANTU CHAKA,,,,unresolved,newpdf1.pdf,2026-08-17
Berhampur,BERHAMPUR-304,304,DOWN,20,GANESH NAGAR,,,,unresolved,newpdf1.pdf,2026-08-17
Berhampur,BERHAMPUR-304,304,DOWN,21,MANTU CHAKA,,,,unresolved,newpdf1.pdf,2026-08-17
Berhampur,BERHAMPUR-304,304,DOWN,22,RAJA RANI APARTMENT,,,,unresolved,newpdf1.pdf,2026-08-17
Berhampur,BERHAMPUR-304,304,DOWN,23,AMBA MARKET,,,,unresolved,newpdf1.pdf,2026-08-17
Berhampur,BERHAMPUR-304,304,DOWN,24,ROYAL PHARMACY COLLEGE,,,,unresolved,newpdf1.pdf,2026-08-17
Berhampur,BERHAMPUR-304,304,DOWN,25,PATITA PABAN NAGAR,,,,unresolved,newpdf1.pdf,2026-08-17
Berhampur,BERHAMPUR-304,304,DOWN,26,ANDHAPASARA ROAD,,,,unresolved,newpdf1.pdf,2026-08-17
Berhampur,BERHAMPUR-304,304,DOWN,27,UTTARESWAR TEMPLE,,,,unresolved,newpdf1.pdf,2026-08-17
Berhampur,BERHAMPUR-304,304,DOWN,28,"POLICE STATION, GOSANINUAGAON",,,,unresolved,newpdf1.pdf,2026-08-17
Berhampur,BERHAMPUR-304,304,DOWN,29,GOKUL DHAAM,,,,unresolved,newpdf1.pdf,2026-08-17
Berhampur,BERHAMPUR-304,304,DOWN,30,BIJIPUR STATE BANK,,,,unresolved,newpdf1.pdf,2026-08-17
Berhampur,BERHAMPUR-304,304,DOWN,31,GOSANINUGAA SANTOSHI TEMPLE,,,,unresolved,newpdf1.pdf,2026-08-17
Berhampur,BERHAMPUR-304,304,DOWN,32,BIJIPUR SQUARE,,,,unresolved,newpdf1.pdf,2026-08-17
Berhampur,BERHAMPUR-304,304,DOWN,33,BERHAMPUR RAILWAY STATION,,,,unresolved,newpdf1.pdf,2026-08-17
Berhampur,BERHAMPUR-304,304,DOWN,34,RALABA,,,,unresolved,newpdf1.pdf,2026-08-17
Berhampur,BERHAMPUR-304,304,DOWN,35,NANDIKA,,,,unresolved,newpdf1.pdf,2026-08-17
Berhampur,BERHAMPUR-304,304,DOWN,36,BALAKRISHNSPUR VILLAGE,,,,unresolved,newpdf1.pdf,2026-08-17
Berhampur,BERHAMPUR-304,304,DOWN,37,DHOBADI VILLAGE,,,,unresolved,newpdf1.pdf,2026-08-17
Berhampur,BERHAMPUR-304,304,DOWN,38,DHOBADI CHAKA,,,,unresolved,newpdf1.pdf,2026-08-17
Berhampur,BERHAMPUR-304,304,DOWN,39,D PATAPUR VILLAGE,,,,unresolved,newpdf1.pdf,2026-08-17
Berhampur,BERHAMPUR-304,304,DOWN,40,D PATAPUR,,,,unresolved,newpdf1.pdf,2026-08-17
Berhampur,BERHAMPUR-304,304,DOWN,41,BELLAGAM,,,,unresolved,newpdf1.pdf,2026-08-17
Berhampur,BERHAMPUR-304,304,DOWN,42,SHANTI NAGAR,,,,unresolved,newpdf1.pdf,2026-08-17
Berhampur,BERHAMPUR-304,304,DOWN,43,GONDALA,,,,unresolved,newpdf1.pdf,2026-08-17
Berhampur,BERHAMPUR-304,304,DOWN,44,PALASI,,,,unresolved,newpdf1.pdf,2026-08-17
Berhampur,BERHAMPUR-304,304,DOWN,45,SIKULAPALLI,,,,unresolved,newpdf1.pdf,2026-08-17
Berhampur,BERHAMPUR-304,304,DOWN,46,BARAPALLI,,,,unresolved,newpdf1.pdf,2026-08-17
Berhampur,BERHAMPUR-304,304,DOWN,47,JAKARPALLI,,,,unresolved,newpdf1.pdf,2026-08-17
Berhampur,BERHAMPUR-304,304,DOWN,48,LAXMINARAYANPUR,,,,unresolved,newpdf1.pdf,2026-08-17
Berhampur,BERHAMPUR-304,304,DOWN,49,GURUNTHI CHOWK,,,,unresolved,newpdf1.pdf,2026-08-17
Berhampur,BERHAMPUR-304,304,DOWN,50,GURUNTHI VILLAGE,,,,unresolved,newpdf1.pdf,2026-08-17
Berhampur,BERHAMPUR-304,304,DOWN,51,TECHNO CITY,,,,unresolved,newpdf1.pdf,2026-08-17
Berhampur,BERHAMPUR-304,304,DOWN,52,NEW JUGIYAPALLI,,,,unresolved,newpdf1.pdf,2026-08-17
Berhampur,BERHAMPUR-304,304,DOWN,53,RALABA,,,,unresolved,newpdf1.pdf,2026-08-17
Berhampur,BERHAMPUR-304,304,DOWN,54,BERHAMPUR RAILWAY STATION,,,,unresolved,newpdf1.pdf,2026-08-17
Berhampur,BERHAMPUR-305,305,PUBLISHED_SEQUENCE,1,OLD BUS STAND,,,,unresolved,newpdf1.pdf,2026-08-17
Berhampur,BERHAMPUR-305,305,PUBLISHED_SEQUENCE,2,COLLEGE CHAKA,,,,unresolved,newpdf1.pdf,2026-08-17
Berhampur,BERHAMPUR-305,305,PUBLISHED_SEQUENCE,3,SP OFFICE,,,,unresolved,newpdf1.pdf,2026-08-17
Berhampur,BERHAMPUR-305,305,PUBLISHED_SEQUENCE,4,COLLECTOR RESIDENCY,,,,unresolved,newpdf1.pdf,2026-08-17
Berhampur,BERHAMPUR-305,305,PUBLISHED_SEQUENCE,5,DRDA OFFICE,,,,unresolved,newpdf1.pdf,2026-08-17
Berhampur,BERHAMPUR-305,305,PUBLISHED_SEQUENCE,6,BATAO CHHATRAPUR MAIN ROAD,,,,unresolved,newpdf1.pdf,2026-08-17
Berhampur,BERHAMPUR-305,305,PUBLISHED_SEQUENCE,7,BATAO CHHATRAPUR,,,,unresolved,newpdf1.pdf,2026-08-17
Berhampur,BERHAMPUR-305,305,PUBLISHED_SEQUENCE,8,TAKIRIA BERHAMPUR,,,,unresolved,newpdf1.pdf,2026-08-17
Berhampur,BERHAMPUR-305,305,PUBLISHED_SEQUENCE,9,SANA ARJIPALLI,,,,unresolved,newpdf1.pdf,2026-08-17
Berhampur,BERHAMPUR-305,305,PUBLISHED_SEQUENCE,10,KANAMANA,,,,unresolved,newpdf1.pdf,2026-08-17
Berhampur,BERHAMPUR-305,305,PUBLISHED_SEQUENCE,11,DUBULI CHAKA,,,,unresolved,newpdf1.pdf,2026-08-17
Berhampur,BERHAMPUR-305,305,PUBLISHED_SEQUENCE,12,GOPALPUR PORTS MAIN GATE,,,,unresolved,newpdf1.pdf,2026-08-17
Berhampur,BERHAMPUR-305,305,PUBLISHED_SEQUENCE,13,ARYAPALLI VILLAGE,,,,unresolved,newpdf1.pdf,2026-08-17
Berhampur,BERHAMPUR-305,305,PUBLISHED_SEQUENCE,14,ARYAPALLI BEACH,,,,unresolved,newpdf1.pdf,2026-08-17
Berhampur,BERHAMPUR-305,305,PUBLISHED_SEQUENCE,15,ARYAPALLI VILLAGE,,,,unresolved,newpdf1.pdf,2026-08-17
Berhampur,BERHAMPUR-305,305,PUBLISHED_SEQUENCE,16,GOPALPUR PORTS MAIN GATE,,,,unresolved,newpdf1.pdf,2026-08-17
Berhampur,BERHAMPUR-305,305,PUBLISHED_SEQUENCE,17,DUBULI CHAKA,,,,unresolved,newpdf1.pdf,2026-08-17
Berhampur,BERHAMPUR-305,305,PUBLISHED_SEQUENCE,18,INDIAN COAST GUARD,,,,unresolved,newpdf1.pdf,2026-08-17
Berhampur,BERHAMPUR-305,305,PUBLISHED_SEQUENCE,19,MATIKHALA (IIREL),,,,unresolved,newpdf1.pdf,2026-08-17
Berhampur,BERHAMPUR-305,305,PUBLISHED_SEQUENCE,20,TERABASA,,,,unresolved,newpdf1.pdf,2026-08-17
Berhampur,BERHAMPUR-305,305,PUBLISHED_SEQUENCE,21,KALIPALLI,,,,unresolved,newpdf1.pdf,2026-08-17
Berhampur,BERHAMPUR-305,305,PUBLISHED_SEQUENCE,22,BASANAPUTTI CHAKA,,,,unresolved,newpdf1.pdf,2026-08-17
Berhampur,BERHAMPUR-305,305,PUBLISHED_SEQUENCE,23,UPPULAPATTI,,,,unresolved,newpdf1.pdf,2026-08-17
Berhampur,BERHAMPUR-305,305,PUBLISHED_SEQUENCE,24,HARIPUR,,,,unresolved,newpdf1.pdf,2026-08-17
Berhampur,BERHAMPUR-305,305,PUBLISHED_SEQUENCE,25,NARAYANPUR,,,,unresolved,newpdf1.pdf,2026-08-17
Berhampur,BERHAMPUR-305,305,PUBLISHED_SEQUENCE,26,SUM SAI ENGINEERING COLLEGE,,,,unresolved,newpdf1.pdf,2026-08-17
Berhampur,BERHAMPUR-305,305,PUBLISHED_SEQUENCE,27,KARAPALLI,,,,unresolved,newpdf1.pdf,2026-08-17
Berhampur,BERHAMPUR-305,305,PUBLISHED_SEQUENCE,28,SATYA NARAYAN PUR,,,,unresolved,newpdf1.pdf,2026-08-17
Berhampur,BERHAMPUR-305,305,PUBLISHED_SEQUENCE,29,RANGEILUNDA VILLAGE,,,,unresolved,newpdf1.pdf,2026-08-17
Berhampur,BERHAMPUR-305,305,PUBLISHED_SEQUENCE,30,ANTARABATIA,,,,unresolved,newpdf1.pdf,2026-08-17
Berhampur,BERHAMPUR-305,305,PUBLISHED_SEQUENCE,31,BERHAMPUR UNIVERSITY,,,,unresolved,newpdf1.pdf,2026-08-17
Berhampur,BERHAMPUR-305,305,PUBLISHED_SEQUENCE,32,BHANJA VIHAR,,,,unresolved,newpdf1.pdf,2026-08-17
Berhampur,BERHAMPUR-305,305,PUBLISHED_SEQUENCE,33,MONARCH CHAKA,,,,unresolved,newpdf1.pdf,2026-08-17
Berhampur,BERHAMPUR-305,305,PUBLISHED_SEQUENCE,34,OUAT COLLEGE,,,,unresolved,newpdf1.pdf,2026-08-17
Berhampur,BERHAMPUR-305,305,PUBLISHED_SEQUENCE,35,GOUDA SAHI,,,,unresolved,newpdf1.pdf,2026-08-17
Berhampur,BERHAMPUR-305,305,PUBLISHED_SEQUENCE,36,MANDIAPALLI VILLAGE,,,,unresolved,newpdf1.pdf,2026-08-17
Berhampur,BERHAMPUR-305,305,PUBLISHED_SEQUENCE,37,PREM OFFICE,,,,unresolved,newpdf1.pdf,2026-08-17
Berhampur,BERHAMPUR-305,305,PUBLISHED_SEQUENCE,38,SAI TEMPLE,,,,unresolved,newpdf1.pdf,2026-08-17
Berhampur,BERHAMPUR-305,305,PUBLISHED_SEQUENCE,39,MANDIAPALLI,,,,unresolved,newpdf1.pdf,2026-08-17
Berhampur,BERHAMPUR-305,305,PUBLISHED_SEQUENCE,40,POKUDIBANDHA,,,,unresolved,newpdf1.pdf,2026-08-17
Berhampur,BERHAMPUR-305,305,PUBLISHED_SEQUENCE,41,GOPALPUR JN,,,,unresolved,newpdf1.pdf,2026-08-17
Berhampur,BERHAMPUR-305,305,PUBLISHED_SEQUENCE,42,BHAKTASHALA BEGA COLONY,,,,unresolved,newpdf1.pdf,2026-08-17
Berhampur,BERHAMPUR-305,305,PUBLISHED_SEQUENCE,43,ANKULI BYPASS,,,,unresolved,newpdf1.pdf,2026-08-17
Berhampur,BERHAMPUR-305,305,PUBLISHED_SEQUENCE,44,LANJIPALI NH,,,,unresolved,newpdf1.pdf,2026-08-17
Berhampur,BERHAMPUR-305,305,PUBLISHED_SEQUENCE,45,MARKENDAWAR TEMPLE,,,,unresolved,newpdf1.pdf,2026-08-17
Berhampur,BERHAMPUR-305,305,PUBLISHED_SEQUENCE,46,KHAJURIA,,,,unresolved,newpdf1.pdf,2026-08-17
Berhampur,BERHAMPUR-305,305,PUBLISHED_SEQUENCE,47,HALDIAPADAR VILLAGE,,,,unresolved,newpdf1.pdf,2026-08-17
Berhampur,BERHAMPUR-305,305,PUBLISHED_SEQUENCE,48,HALDIAPADAR DEPOT,,,,unresolved,newpdf1.pdf,2026-08-17
Berhampur,BERHAMPUR-305,305,PUBLISHED_SEQUENCE,49,CHATRAPUR BUS STAND,,,,unresolved,newpdf1.pdf,2026-08-17
Berhampur,BERHAMPUR-306,306,PUBLISHED_SEQUENCE,1,HALDIAPADAR VILLAGE,,,,unresolved,newpdf1.pdf,2026-08-17
Berhampur,BERHAMPUR-306,306,PUBLISHED_SEQUENCE,2,HALDIAPADAR NEW BUS STAND,,,,unresolved,newpdf1.pdf,2026-08-17
Berhampur,BERHAMPUR-306,306,PUBLISHED_SEQUENCE,3,MADANMOHANPUR,,,,unresolved,newpdf1.pdf,2026-08-17
Berhampur,BERHAMPUR-306,306,PUBLISHED_SEQUENCE,4,SIHNALA ROAD,,,,unresolved,newpdf1.pdf,2026-08-17
Berhampur,BERHAMPUR-306,306,PUBLISHED_SEQUENCE,5,KANISI HATA,,,,unresolved,newpdf1.pdf,2026-08-17
Berhampur,BERHAMPUR-306,306,PUBLISHED_SEQUENCE,6,KANISI VILLAGE,,,,unresolved,newpdf1.pdf,2026-08-17
Berhampur,BERHAMPUR-306,306,PUBLISHED_SEQUENCE,7,AMIT HOSPITAL,,,,unresolved,newpdf1.pdf,2026-08-17
Berhampur,BERHAMPUR-306,306,PUBLISHED_SEQUENCE,8,RANDHA CHOWK,,,,unresolved,newpdf1.pdf,2026-08-17
Berhampur,BERHAMPUR-306,306,PUBLISHED_SEQUENCE,9,GANDHI COLLEGE,,,,unresolved,newpdf1.pdf,2026-08-17
Berhampur,BERHAMPUR-306,306,PUBLISHED_SEQUENCE,10,ISANESWAR TEMPLE,,,,unresolved,newpdf1.pdf,2026-08-17
Berhampur,BERHAMPUR-306,306,PUBLISHED_SEQUENCE,11,GOLANTHRA VILLAGE,,,,unresolved,newpdf1.pdf,2026-08-17
Berhampur,BERHAMPUR-306,306,PUBLISHED_SEQUENCE,12,BHAIRAVI CHATTI,,,,unresolved,newpdf1.pdf,2026-08-17
Berhampur,BERHAMPUR-306,306,PUBLISHED_SEQUENCE,13,BISWANATH SCHOOL,,,,unresolved,newpdf1.pdf,2026-08-17
Berhampur,BERHAMPUR-306,306,PUBLISHED_SEQUENCE,14,KOTHARSINGI VILLAGE,,,,unresolved,newpdf1.pdf,2026-08-17
Berhampur,BERHAMPUR-306,306,PUBLISHED_SEQUENCE,15,PALUR HILL,,,,unresolved,newpdf1.pdf,2026-08-17
Berhampur,BERHAMPUR-306,306,PUBLISHED_SEQUENCE,16,SIDHHA BHAIRAVI TEMPLE,,,,unresolved,newpdf1.pdf,2026-08-17
Berhampur,BERHAMPUR-306,306,PUBLISHED_SEQUENCE,17,HARADANGA VILLAGE,,,,unresolved,newpdf1.pdf,2026-08-17
Berhampur,BERHAMPUR-306,306,PUBLISHED_SEQUENCE,18,DISHA COLLEGE,,,,unresolved,newpdf1.pdf,2026-08-17
Berhampur,BERHAMPUR-306,306,PUBLISHED_SEQUENCE,19,JAGANNATHPUR,,,,unresolved,newpdf1.pdf,2026-08-17
Berhampur,BERHAMPUR-306,306,PUBLISHED_SEQUENCE,20,VIGNAN COLLEGE,,,,unresolved,newpdf1.pdf,2026-08-17
Berhampur,BERHAMPUR-306,306,PUBLISHED_SEQUENCE,21,BAHADUR PENTHO,,,,unresolved,newpdf1.pdf,2026-08-17
Berhampur,BERHAMPUR-306,306,PUBLISHED_SEQUENCE,22,BISWANATHPUR VILLAGE,,,,unresolved,newpdf1.pdf,2026-08-17
Berhampur,BERHAMPUR-306,306,PUBLISHED_SEQUENCE,23,SRIHARI NAGAR,,,,unresolved,newpdf1.pdf,2026-08-17
Berhampur,BERHAMPUR-306,306,PUBLISHED_SEQUENCE,24,GOVINDPUR,,,,unresolved,newpdf1.pdf,2026-08-17
Berhampur,BERHAMPUR-306,306,PUBLISHED_SEQUENCE,25,GOVINDPUR SQUARE,,,,unresolved,newpdf1.pdf,2026-08-17
Berhampur,BERHAMPUR-306,306,PUBLISHED_SEQUENCE,26,BADI CHHAKA,,,,unresolved,newpdf1.pdf,2026-08-17
Berhampur,BERHAMPUR-306,306,PUBLISHED_SEQUENCE,27,ARUA SONAPUR,,,,unresolved,newpdf1.pdf,2026-08-17
Berhampur,BERHAMPUR-306,306,PUBLISHED_SEQUENCE,28,SONAPUR VILLAGE,,,,unresolved,newpdf1.pdf,2026-08-17
Berhampur,BERHAMPUR-306,306,PUBLISHED_SEQUENCE,29,SONAPUR BEACH,,,,unresolved,newpdf1.pdf,2026-08-17
Berhampur,BERHAMPUR-306,306,PUBLISHED_SEQUENCE,30,MAHATMA GANDHI STADIUM,,,,unresolved,newpdf1.pdf,2026-08-17
Berhampur,BERHAMPUR-306,306,PUBLISHED_SEQUENCE,31,GANDHI NAGAR,,,,unresolved,newpdf1.pdf,2026-08-17
Berhampur,BERHAMPUR-306,306,PUBLISHED_SEQUENCE,32,CONGRESS BHABAN,,,,unresolved,newpdf1.pdf,2026-08-17
Berhampur,BERHAMPUR-306,306,PUBLISHED_SEQUENCE,33,KHALLIKOTE COLLEGE,,,,unresolved,newpdf1.pdf,2026-08-17
Berhampur,BERHAMPUR-306,306,PUBLISHED_SEQUENCE,34,CHURCH SQUARE,,,,unresolved,newpdf1.pdf,2026-08-17
Berhampur,BERHAMPUR-306,306,PUBLISHED_SEQUENCE,35,BIJIPUR SQUARE,,,,unresolved,newpdf1.pdf,2026-08-17
Berhampur,BERHAMPUR-306,306,PUBLISHED_SEQUENCE,36,BERHAMPUR RAILWAY STATION,,,,unresolved,newpdf1.pdf,2026-08-17
Berhampur,BERHAMPUR-306,306,PUBLISHED_SEQUENCE,37,BIJIPUR SQUARE,,,,unresolved,newpdf1.pdf,2026-08-17
Berhampur,BERHAMPUR-306,306,PUBLISHED_SEQUENCE,38,GOSANINUGAA SANTOSHI TEMPLE,,,,unresolved,newpdf1.pdf,2026-08-17
Berhampur,BERHAMPUR-306,306,PUBLISHED_SEQUENCE,39,BIJIPUR STATE BANK,,,,unresolved,newpdf1.pdf,2026-08-17
Berhampur,BERHAMPUR-306,306,PUBLISHED_SEQUENCE,40,GOKUL DHAAM,,,,unresolved,newpdf1.pdf,2026-08-17
Berhampur,BERHAMPUR-306,306,PUBLISHED_SEQUENCE,41,GOSANINUGAA POLICE STATION,,,,unresolved,newpdf1.pdf,2026-08-17
Berhampur,BERHAMPUR-306,306,PUBLISHED_SEQUENCE,42,UTARESWARA TEMPLE,,,,unresolved,newpdf1.pdf,2026-08-17
Berhampur,BERHAMPUR-306,306,PUBLISHED_SEQUENCE,43,RAJ DHOBA STREET,,,,unresolved,newpdf1.pdf,2026-08-17
Berhampur,BERHAMPUR-306,306,PUBLISHED_SEQUENCE,44,ANDHPASARA SQUARE,,,,unresolved,newpdf1.pdf,2026-08-17
Berhampur,BERHAMPUR-306,306,PUBLISHED_SEQUENCE,45,NALINI NAGAR,,,,unresolved,newpdf1.pdf,2026-08-17
Berhampur,BERHAMPUR-306,306,PUBLISHED_SEQUENCE,46,HALDIAPADAR OVER BRIDGE,,,,unresolved,newpdf1.pdf,2026-08-17
Berhampur,BERHAMPUR-306,306,PUBLISHED_SEQUENCE,47,MAHATMA GANDHI STADIUM,,,,unresolved,newpdf1.pdf,2026-08-17
Berhampur,BERHAMPUR-306,306,PUBLISHED_SEQUENCE,48,SONAPUR BEACH,,,,unresolved,newpdf1.pdf,2026-08-17
Berhampur,BERHAMPUR-308,308,UP,1,DUDUMA COLONY NEW BUS STAND,,,,unresolved,newpdf1.pdf,2026-08-17
Berhampur,BERHAMPUR-308,308,UP,2,BERHAMPUR FIRST GATE,,,,unresolved,newpdf1.pdf,2026-08-17
Berhampur,BERHAMPUR-308,308,UP,3,HARIDAKHANDI CHOWK,,,,unresolved,newpdf1.pdf,2026-08-17
Berhampur,BERHAMPUR-308,308,UP,4,NEW TALUKA,,,,unresolved,newpdf1.pdf,2026-08-17
Berhampur,BERHAMPUR-308,308,UP,5,OLD TALUKA,,,,unresolved,newpdf1.pdf,2026-08-17
Berhampur,BERHAMPUR-308,308,UP,6,BANDHA TALUKA,,,,unresolved,newpdf1.pdf,2026-08-17
Berhampur,BERHAMPUR-308,308,UP,7,SRI RAM NAGAR,,,,unresolved,newpdf1.pdf,2026-08-17
Berhampur,BERHAMPUR-308,308,UP,8,GIRI MARKET,,,,unresolved,newpdf1.pdf,2026-08-17
Berhampur,BERHAMPUR-308,308,UP,9,ROYAL MOTOR,,,,unresolved,newpdf1.pdf,2026-08-17
Berhampur,BERHAMPUR-308,308,UP,10,REDDY GARAGE,,,,unresolved,newpdf1.pdf,2026-08-17
Berhampur,BERHAMPUR-308,308,UP,11,GATE BAZAR BERHAMPUR,,,,unresolved,newpdf1.pdf,2026-08-17
Berhampur,BERHAMPUR-308,308,UP,12,CITY HOSPITAL BERHAMPUR,,,,unresolved,newpdf1.pdf,2026-08-17
Berhampur,BERHAMPUR-308,308,UP,13,VISHAL MEGA MART,,,,unresolved,newpdf1.pdf,2026-08-17
Berhampur,BERHAMPUR-308,308,UP,14,PANI TANKI BERHAMPUR,,,,unresolved,newpdf1.pdf,2026-08-17
Berhampur,BERHAMPUR-308,308,UP,15,SUBARAO CHOWK,,,,unresolved,newpdf1.pdf,2026-08-17
Berhampur,BERHAMPUR-308,308,UP,16,TATA BENZ SQUARE,,,,unresolved,newpdf1.pdf,2026-08-17
Berhampur,BERHAMPUR-308,308,UP,17,CHURCH SQUARE,,,,unresolved,newpdf1.pdf,2026-08-17
Berhampur,BERHAMPUR-308,308,UP,18,BIJIPUR CHOWK,,,,unresolved,newpdf1.pdf,2026-08-17
Berhampur,BERHAMPUR-308,308,UP,19,BERHAMPUR RAILWAY STATION,,,,unresolved,newpdf1.pdf,2026-08-17
Berhampur,BERHAMPUR-308,308,UP,20,DUDUMA COLONY NEW BUS STAND,,,,unresolved,newpdf1.pdf,2026-08-17
Berhampur,BERHAMPUR-308,308,DOWN,1,BERHAMPUR RAILWAY STATION,,,,unresolved,newpdf1.pdf,2026-08-17
Berhampur,BERHAMPUR-308,308,DOWN,2,BIJIPUR CHOWK,,,,unresolved,newpdf1.pdf,2026-08-17
Berhampur,BERHAMPUR-308,308,DOWN,3,CHURCH CHOWK,,,,unresolved,newpdf1.pdf,2026-08-17
Berhampur,BERHAMPUR-308,308,DOWN,4,KHALLIKOTE COLLEGE,,,,unresolved,newpdf1.pdf,2026-08-17
Berhampur,BERHAMPUR-308,308,DOWN,5,VISHAL MEGA MART,,,,unresolved,newpdf1.pdf,2026-08-17
Berhampur,BERHAMPUR-308,308,DOWN,6,CITY HOSPITAL BERHAMPUR,,,,unresolved,newpdf1.pdf,2026-08-17
Berhampur,BERHAMPUR-308,308,DOWN,7,GATE BAZAR BERHAMPUR,,,,unresolved,newpdf1.pdf,2026-08-17
Berhampur,BERHAMPUR-308,308,DOWN,8,REDDY GARAGE,,,,unresolved,newpdf1.pdf,2026-08-17
Berhampur,BERHAMPUR-308,308,DOWN,9,ROYAL MOTOR,,,,unresolved,newpdf1.pdf,2026-08-17
Berhampur,BERHAMPUR-308,308,DOWN,10,GIRI MARKET,,,,unresolved,newpdf1.pdf,2026-08-17
Berhampur,BERHAMPUR-308,308,DOWN,11,SRI RAM NAGAR,,,,unresolved,newpdf1.pdf,2026-08-17
Berhampur,BERHAMPUR-308,308,DOWN,12,BANDHA TALUKA,,,,unresolved,newpdf1.pdf,2026-08-17
Berhampur,BERHAMPUR-308,308,DOWN,13,OLD TALUKA,,,,unresolved,newpdf1.pdf,2026-08-17
Berhampur,BERHAMPUR-308,308,DOWN,14,NEW TALUKA,,,,unresolved,newpdf1.pdf,2026-08-17
Berhampur,BERHAMPUR-308,308,DOWN,15,HARIDAKHANDI CHOWK,,,,unresolved,newpdf1.pdf,2026-08-17
Berhampur,BERHAMPUR-308,308,DOWN,16,BERHAMPUR FIRST GATE,,,,unresolved,newpdf1.pdf,2026-08-17
Berhampur,BERHAMPUR-308,308,DOWN,17,DUDUMA COLONY NEW BUS STAND,,,,unresolved,newpdf1.pdf,2026-08-17
Berhampur,BERHAMPUR-308,308,DOWN,18,BERHAMPUR RAILWAY STATION,,,,unresolved,newpdf1.pdf,2026-08-17
Berhampur,BERHAMPUR-309,309,UP,1,GOVERNMENT ITI,,,,unresolved,newpdf1.pdf,2026-08-17
Berhampur,BERHAMPUR-309,309,UP,2,ENGINEERING SCHOOL CHOWK BERHAMPUR,,,,unresolved,newpdf1.pdf,2026-08-17
Berhampur,BERHAMPUR-309,309,UP,3,JAYAPRAKASH NAGAR,,,,unresolved,newpdf1.pdf,2026-08-17
Berhampur,BERHAMPUR-309,309,UP,4,GAJAPATI NAGAR,,,,unresolved,newpdf1.pdf,2026-08-17
Berhampur,BERHAMPUR-309,309,UP,5,MKCG MEDICAL COLLEGE CHOWK,,,,unresolved,newpdf1.pdf,2026-08-17
Berhampur,BERHAMPUR-309,309,UP,6,MKCG STATE BANK,,,,unresolved,newpdf1.pdf,2026-08-17
Berhampur,BERHAMPUR-309,309,UP,7,COURTPETA CHOWK,,,,unresolved,newpdf1.pdf,2026-08-17
Berhampur,BERHAMPUR-309,309,UP,8,KAMAPALLI,,,,unresolved,newpdf1.pdf,2026-08-17
Berhampur,BERHAMPUR-309,309,UP,9,TATA BENZ CHOWK,,,,unresolved,newpdf1.pdf,2026-08-17
Berhampur,BERHAMPUR-309,309,UP,10,CHURCH SQUARE,,,,unresolved,newpdf1.pdf,2026-08-17
Berhampur,BERHAMPUR-309,309,UP,11,BIJIPUR CHOWK,,,,unresolved,newpdf1.pdf,2026-08-17
Berhampur,BERHAMPUR-309,309,UP,12,BERHAMPUR RAILWAY STATION,,,,unresolved,newpdf1.pdf,2026-08-17
Berhampur,BERHAMPUR-309,309,UP,13,BIJIPUR CHOWK,,,,unresolved,newpdf1.pdf,2026-08-17
Berhampur,BERHAMPUR-309,309,UP,14,GOSANINUGAA SANTOSHI TEMPLE,,,,unresolved,newpdf1.pdf,2026-08-17
Berhampur,BERHAMPUR-309,309,UP,15,BIJIPUR STATE BANK,,,,unresolved,newpdf1.pdf,2026-08-17
Berhampur,BERHAMPUR-309,309,UP,16,GOKUL DHAAM,,,,unresolved,newpdf1.pdf,2026-08-17
Berhampur,BERHAMPUR-309,309,UP,17,GOSANINUGAA POLICE STATION,,,,unresolved,newpdf1.pdf,2026-08-17
Berhampur,BERHAMPUR-309,309,UP,18,UTARESWARA TEMPLE,,,,unresolved,newpdf1.pdf,2026-08-17
Berhampur,BERHAMPUR-309,309,UP,19,RAJ DHOBA STREET,,,,unresolved,newpdf1.pdf,2026-08-17
Berhampur,BERHAMPUR-309,309,UP,20,ANDHPASARA CHOWK,,,,unresolved,newpdf1.pdf,2026-08-17
Berhampur,BERHAMPUR-309,309,UP,21,NALINI NAGAR,,,,unresolved,newpdf1.pdf,2026-08-17
Berhampur,BERHAMPUR-309,309,UP,22,HALDIAPADAR OVER BRIDGE,,,,unresolved,newpdf1.pdf,2026-08-17
Berhampur,BERHAMPUR-309,309,UP,23,HALDIAPADAR VILLAGE,,,,unresolved,newpdf1.pdf,2026-08-17
Berhampur,BERHAMPUR-309,309,UP,24,HALDIAPADAR NEW BUS STAND,,,,unresolved,newpdf1.pdf,2026-08-17
Berhampur,BERHAMPUR-309,309,UP,25,MADANMOHANPUR,,,,unresolved,newpdf1.pdf,2026-08-17
Berhampur,BERHAMPUR-309,309,UP,26,SIHNALA ROAD,,,,unresolved,newpdf1.pdf,2026-08-17
Berhampur,BERHAMPUR-309,309,UP,27,KANISI HATA,,,,unresolved,newpdf1.pdf,2026-08-17
Berhampur,BERHAMPUR-309,309,UP,28,OSBC OFFICE,,,,unresolved,newpdf1.pdf,2026-08-17
Berhampur,BERHAMPUR-309,309,UP,29,CHAKADOLA FOODS,,,,unresolved,newpdf1.pdf,2026-08-17
Berhampur,BERHAMPUR-309,309,UP,30,PATAPUR CHOWK,,,,unresolved,newpdf1.pdf,2026-08-17
Berhampur,BERHAMPUR-309,309,UP,31,DASHAPUR CHOWK,,,,unresolved,newpdf1.pdf,2026-08-17
Berhampur,BERHAMPUR-309,309,UP,32,MAJHIGAON,,,,unresolved,newpdf1.pdf,2026-08-17
Berhampur,BERHAMPUR-309,309,UP,33,INDRAVASH COLONY,,,,unresolved,newpdf1.pdf,2026-08-17
Berhampur,BERHAMPUR-309,309,UP,34,DUMDUMI CHOWK,,,,unresolved,newpdf1.pdf,2026-08-17
Berhampur,BERHAMPUR-309,309,UP,35,KOLATHIGAM CHOWK,,,,unresolved,newpdf1.pdf,2026-08-17
Berhampur,BERHAMPUR-309,309,UP,36,SOLABINDHA VILLAGE,,,,unresolved,newpdf1.pdf,2026-08-17
Berhampur,BERHAMPUR-309,309,UP,37,KIRTIPUR VILLAGE,,,,unresolved,newpdf1.pdf,2026-08-17
Berhampur,BERHAMPUR-309,309,UP,38,LOHADIGAON VILLAGE,,,,unresolved,newpdf1.pdf,2026-08-17
Berhampur,BERHAMPUR-309,309,UP,39,LODIGAON PANCHAYAT OFFICE,,,,unresolved,newpdf1.pdf,2026-08-17
Berhampur,BERHAMPUR-309,309,UP,40,IISER,,,,unresolved,newpdf1.pdf,2026-08-17
Berhampur,BERHAMPUR-309,309,UP,41,GOVERNMENT ITI,,,,unresolved,newpdf1.pdf,2026-08-17
Berhampur,BERHAMPUR-309,309,DOWN,1,IISER,,,,unresolved,newpdf1.pdf,2026-08-17
Berhampur,BERHAMPUR-309,309,DOWN,2,LODIGAON PANCHAYAT OFFICE,,,,unresolved,newpdf1.pdf,2026-08-17
Berhampur,BERHAMPUR-309,309,DOWN,3,LOHADIGAON VILLAGE,,,,unresolved,newpdf1.pdf,2026-08-17
Berhampur,BERHAMPUR-309,309,DOWN,4,KIRTIPUR VILLAGE,,,,unresolved,newpdf1.pdf,2026-08-17
Berhampur,BERHAMPUR-309,309,DOWN,5,SOLABINDHA VILLAGE,,,,unresolved,newpdf1.pdf,2026-08-17
Berhampur,BERHAMPUR-309,309,DOWN,6,KOLATHIGAM CHOWK,,,,unresolved,newpdf1.pdf,2026-08-17
Berhampur,BERHAMPUR-309,309,DOWN,7,DUMDUMI CHOWK,,,,unresolved,newpdf1.pdf,2026-08-17
Berhampur,BERHAMPUR-309,309,DOWN,8,INDRAVASH COLONY,,,,unresolved,newpdf1.pdf,2026-08-17
Berhampur,BERHAMPUR-309,309,DOWN,9,MAJHIGAON,,,,unresolved,newpdf1.pdf,2026-08-17
Berhampur,BERHAMPUR-309,309,DOWN,10,DASHAPUR CHOWK,,,,unresolved,newpdf1.pdf,2026-08-17
Berhampur,BERHAMPUR-309,309,DOWN,11,PATAPUR CHOWK,,,,unresolved,newpdf1.pdf,2026-08-17
Berhampur,BERHAMPUR-309,309,DOWN,12,CHAKADOLA FOODS,,,,unresolved,newpdf1.pdf,2026-08-17
Berhampur,BERHAMPUR-309,309,DOWN,13,OSBC OFFICE,,,,unresolved,newpdf1.pdf,2026-08-17
Berhampur,BERHAMPUR-309,309,DOWN,14,KANISI HATA,,,,unresolved,newpdf1.pdf,2026-08-17
Berhampur,BERHAMPUR-309,309,DOWN,15,KANISI VILLAGE,,,,unresolved,newpdf1.pdf,2026-08-17
Berhampur,BERHAMPUR-309,309,DOWN,16,KANISI HATA,,,,unresolved,newpdf1.pdf,2026-08-17
Berhampur,BERHAMPUR-309,309,DOWN,17,SIHNALA ROAD,,,,unresolved,newpdf1.pdf,2026-08-17
Berhampur,BERHAMPUR-309,309,DOWN,18,MADANMOHANPUR,,,,unresolved,newpdf1.pdf,2026-08-17
Berhampur,BERHAMPUR-309,309,DOWN,19,HALDIAPADAR NEW BUS STAND,,,,unresolved,newpdf1.pdf,2026-08-17
Berhampur,BERHAMPUR-309,309,DOWN,20,HALDIAPADAR VILLAGE,,,,unresolved,newpdf1.pdf,2026-08-17
Berhampur,BERHAMPUR-309,309,DOWN,21,HALDIAPADAR OVER BRIDGE,,,,unresolved,newpdf1.pdf,2026-08-17
Berhampur,BERHAMPUR-309,309,DOWN,22,NALINI NAGAR,,,,unresolved,newpdf1.pdf,2026-08-17
Berhampur,BERHAMPUR-309,309,DOWN,23,ANDHPASARA CHOWK,,,,unresolved,newpdf1.pdf,2026-08-17
Berhampur,BERHAMPUR-309,309,DOWN,24,RAJ DHOBA STREET,,,,unresolved,newpdf1.pdf,2026-08-17
Berhampur,BERHAMPUR-309,309,DOWN,25,UTARESWARA TEMPLE,,,,unresolved,newpdf1.pdf,2026-08-17
Berhampur,BERHAMPUR-309,309,DOWN,26,GOSANINUGAA POLICE STATION,,,,unresolved,newpdf1.pdf,2026-08-17
Berhampur,BERHAMPUR-309,309,DOWN,27,GOKUL DHAAM,,,,unresolved,newpdf1.pdf,2026-08-17
Berhampur,BERHAMPUR-309,309,DOWN,28,BIJIPUR STATE BANK,,,,unresolved,newpdf1.pdf,2026-08-17
Berhampur,BERHAMPUR-309,309,DOWN,29,GOSANINUGAA SANTOSHI TEMPLE,,,,unresolved,newpdf1.pdf,2026-08-17
Berhampur,BERHAMPUR-309,309,DOWN,30,BIJIPUR CHOWK,,,,unresolved,newpdf1.pdf,2026-08-17
Berhampur,BERHAMPUR-309,309,DOWN,31,BERHAMPUR RAILWAY STATION,,,,unresolved,newpdf1.pdf,2026-08-17
Berhampur,BERHAMPUR-309,309,DOWN,32,BIJIPUR CHOWK,,,,unresolved,newpdf1.pdf,2026-08-17
Berhampur,BERHAMPUR-309,309,DOWN,33,CHURCH CHOWK,,,,unresolved,newpdf1.pdf,2026-08-17
Berhampur,BERHAMPUR-309,309,DOWN,34,TATA BENZ CHOWK,,,,unresolved,newpdf1.pdf,2026-08-17
Berhampur,BERHAMPUR-309,309,DOWN,35,KAMAPALLI,,,,unresolved,newpdf1.pdf,2026-08-17
Berhampur,BERHAMPUR-309,309,DOWN,36,COURTPETA CHOWK,,,,unresolved,newpdf1.pdf,2026-08-17
Berhampur,BERHAMPUR-309,309,DOWN,37,MKCG STATE BANK,,,,unresolved,newpdf1.pdf,2026-08-17
Berhampur,BERHAMPUR-309,309,DOWN,38,MKCG MEDICAL COLLEGE CHOWK,,,,unresolved,newpdf1.pdf,2026-08-17
Berhampur,BERHAMPUR-309,309,DOWN,39,GAJAPATI NAGAR,,,,unresolved,newpdf1.pdf,2026-08-17
Berhampur,BERHAMPUR-309,309,DOWN,40,JAYAPRAKASH NAGAR,,,,unresolved,newpdf1.pdf,2026-08-17
Berhampur,BERHAMPUR-309,309,DOWN,41,ENGINEERING SCHOOL CHOWK BERHAMPUR,,,,unresolved,newpdf1.pdf,2026-08-17
Berhampur,BERHAMPUR-309,309,DOWN,42,GOVERNMENT ITI,,,,unresolved,newpdf1.pdf,2026-08-17
Keonjhar,KEONJHAR-400,400,PUBLISHED_SEQUENCE,1,JAIL ROAD,,,,unresolved,newpdf2.pdf,2026-08-17
Keonjhar,KEONJHAR-400,400,PUBLISHED_SEQUENCE,2,BSNL CHOWK,,,,unresolved,newpdf2.pdf,2026-08-17
Keonjhar,KEONJHAR-400,400,PUBLISHED_SEQUENCE,3,BIJU PATTANAIK CHOWK,,,,unresolved,newpdf2.pdf,2026-08-17
Keonjhar,KEONJHAR-400,400,PUBLISHED_SEQUENCE,4,COLLECTORATE CIRCLE,,,,unresolved,newpdf2.pdf,2026-08-17
Keonjhar,KEONJHAR-400,400,PUBLISHED_SEQUENCE,5,LABANYA BUS STAND,,,,unresolved,newpdf2.pdf,2026-08-17
Keonjhar,KEONJHAR-400,400,PUBLISHED_SEQUENCE,6,NEW COURT CHOWK,,,,unresolved,newpdf2.pdf,2026-08-17
Keonjhar,KEONJHAR-400,400,PUBLISHED_SEQUENCE,7,RTO OFFICE,,,,unresolved,newpdf2.pdf,2026-08-17
Keonjhar,KEONJHAR-400,400,PUBLISHED_SEQUENCE,8,GOVT. WOMENS COLLEGE,,,,unresolved,newpdf2.pdf,2026-08-17
Keonjhar,KEONJHAR-400,400,PUBLISHED_SEQUENCE,9,MANDUA,,,,unresolved,newpdf2.pdf,2026-08-17
Keonjhar,KEONJHAR-400,400,PUBLISHED_SEQUENCE,10,TASAR SILK PARK,,,,unresolved,newpdf2.pdf,2026-08-17
Keonjhar,KEONJHAR-400,400,PUBLISHED_SEQUENCE,11,TANGARPALSA,,,,unresolved,newpdf2.pdf,2026-08-17
Keonjhar,KEONJHAR-400,400,PUBLISHED_SEQUENCE,12,NARANPUR RAAILWAY STN. ROAD,,,,unresolved,newpdf2.pdf,2026-08-17
Keonjhar,KEONJHAR-400,400,PUBLISHED_SEQUENCE,13,NARANPUR,,,,unresolved,newpdf2.pdf,2026-08-17
Keonjhar,KEONJHAR-400,400,PUBLISHED_SEQUENCE,14,NARANPUR DUBURI JN.,,,,unresolved,newpdf2.pdf,2026-08-17
Keonjhar,KEONJHAR-400,400,PUBLISHED_SEQUENCE,15,NARANPUR HIGH SCHOOL,,,,unresolved,newpdf2.pdf,2026-08-17
Keonjhar,KEONJHAR-400,400,PUBLISHED_SEQUENCE,16,KISS CAMPUS,,,,unresolved,newpdf2.pdf,2026-08-17
Keonjhar,KEONJHAR-400,400,PUBLISHED_SEQUENCE,17,RIMULI HIGHWAY CHOWK,,,,unresolved,newpdf2.pdf,2026-08-17
Keonjhar,KEONJHAR-400,400,PUBLISHED_SEQUENCE,18,"GOVT HOSPITAL, SUAKATI",,,,unresolved,newpdf2.pdf,2026-08-17
Keonjhar,KEONJHAR-400,400,PUBLISHED_SEQUENCE,19,SUAKATI SQUARE,,,,unresolved,newpdf2.pdf,2026-08-17
Keonjhar,KEONJHAR-400,400,PUBLISHED_SEQUENCE,20,JAMUDIA,,,,unresolved,newpdf2.pdf,2026-08-17
Keonjhar,KEONJHAR-400,400,PUBLISHED_SEQUENCE,21,SARUKUDARA CHOWK,,,,unresolved,newpdf2.pdf,2026-08-17
Keonjhar,KEONJHAR-400,400,PUBLISHED_SEQUENCE,22,BADA GHAGHARA VILLAGE,,,,unresolved,newpdf2.pdf,2026-08-17
Keonjhar,KEONJHAR-400,400,PUBLISHED_SEQUENCE,23,UPARJAGARA,,,,unresolved,newpdf2.pdf,2026-08-17
Keonjhar,KEONJHAR-400,400,PUBLISHED_SEQUENCE,24,BADA GHAGHARA WATERFALL,,,,unresolved,newpdf2.pdf,2026-08-17
Keonjhar,KEONJHAR-400,400,PUBLISHED_SEQUENCE,25,SANAGHAGHARA PARK,,,,unresolved,newpdf2.pdf,2026-08-17
Keonjhar,KEONJHAR-400,400,PUBLISHED_SEQUENCE,26,HATI TOWER,,,,unresolved,newpdf2.pdf,2026-08-17
Keonjhar,KEONJHAR-400,400,PUBLISHED_SEQUENCE,27,FIRE STATION,,,,unresolved,newpdf2.pdf,2026-08-17
Keonjhar,KEONJHAR-400,400,PUBLISHED_SEQUENCE,28,MUMBAI HIGHWAY ROAD,,,,unresolved,newpdf2.pdf,2026-08-17
Keonjhar,KEONJHAR-400,400,PUBLISHED_SEQUENCE,29,KING'S PALACE,,,,unresolved,newpdf2.pdf,2026-08-17
Keonjhar,KEONJHAR-400,400,PUBLISHED_SEQUENCE,30,OLD TOWN POST OFFICE,,,,unresolved,newpdf2.pdf,2026-08-17
Keonjhar,KEONJHAR-400,400,PUBLISHED_SEQUENCE,31,DUKHIA CHOWK,,,,unresolved,newpdf2.pdf,2026-08-17
Keonjhar,KEONJHAR-400,400,PUBLISHED_SEQUENCE,32,DHENKAPUR,,,,unresolved,newpdf2.pdf,2026-08-17
Keonjhar,KEONJHAR-400,400,PUBLISHED_SEQUENCE,33,DISTRICT HOSPITAL,,,,unresolved,newpdf2.pdf,2026-08-17
Keonjhar,KEONJHAR-401,401,PUBLISHED_SEQUENCE,1,GANDHI CHOWK,,,,unresolved,newpdf2.pdf,2026-08-17
Keonjhar,KEONJHAR-401,401,PUBLISHED_SEQUENCE,2,SERAJUDDIN CHOWK,,,,unresolved,newpdf2.pdf,2026-08-17
Keonjhar,KEONJHAR-401,401,PUBLISHED_SEQUENCE,3,"RAILWAY STATION, KEONJHAR",,,,unresolved,newpdf2.pdf,2026-08-17
Keonjhar,KEONJHAR-401,401,PUBLISHED_SEQUENCE,4,KARANJIA BUS STAND,,,,unresolved,newpdf2.pdf,2026-08-17
Keonjhar,KEONJHAR-401,401,PUBLISHED_SEQUENCE,5,RABINDRA VIDHYA NIKETAN,,,,unresolved,newpdf2.pdf,2026-08-17
Keonjhar,KEONJHAR-401,401,PUBLISHED_SEQUENCE,6,GHUTUR SQUARE,,,,unresolved,newpdf2.pdf,2026-08-17
Keonjhar,KEONJHAR-401,401,PUBLISHED_SEQUENCE,7,"GURUDWARA, MUKTAPUR",,,,unresolved,newpdf2.pdf,2026-08-17
Keonjhar,KEONJHAR-401,401,PUBLISHED_SEQUENCE,8,SHANKARPUR STADIUM,,,,unresolved,newpdf2.pdf,2026-08-17
Keonjhar,KEONJHAR-401,401,PUBLISHED_SEQUENCE,9,"REGIONAL COLLEGE, BABARTAPOSI",,,,unresolved,newpdf2.pdf,2026-08-17
Keonjhar,KEONJHAR-401,401,PUBLISHED_SEQUENCE,10,DDU CAMPUS,,,,unresolved,newpdf2.pdf,2026-08-17
Keonjhar,KEONJHAR-401,401,PUBLISHED_SEQUENCE,11,SIDHHI MATHA,,,,unresolved,newpdf2.pdf,2026-08-17
Keonjhar,KEONJHAR-401,401,PUBLISHED_SEQUENCE,12,AGNISHWAR MAHADEV TEMPLE,,,,unresolved,newpdf2.pdf,2026-08-17
Keonjhar,KEONJHAR-401,401,PUBLISHED_SEQUENCE,13,MUMBAI HIGHWAY ROAD,,,,unresolved,newpdf2.pdf,2026-08-17
Keonjhar,KEONJHAR-401,401,PUBLISHED_SEQUENCE,14,JUDIA CHAURA,,,,unresolved,newpdf2.pdf,2026-08-17
Keonjhar,KEONJHAR-401,401,PUBLISHED_SEQUENCE,15,NIHAL SINGH CHAKA,,,,unresolved,newpdf2.pdf,2026-08-17
Keonjhar,KEONJHAR-401,401,PUBLISHED_SEQUENCE,16,DHANGARAPADA TIRAHA,,,,unresolved,newpdf2.pdf,2026-08-17
Keonjhar,KEONJHAR-401,401,PUBLISHED_SEQUENCE,17,ATOPUR ROAD,,,,unresolved,newpdf2.pdf,2026-08-17
Keonjhar,KEONJHAR-401,401,PUBLISHED_SEQUENCE,18,TELKOI BUS STAND,,,,unresolved,newpdf2.pdf,2026-08-17
Keonjhar,KEONJHAR-402,402,PUBLISHED_SEQUENCE,1,LABANYA BUS STAND,,,,unresolved,newpdf2.pdf,2026-08-17
Keonjhar,KEONJHAR-402,402,PUBLISHED_SEQUENCE,2,LAW COLLEGE,,,,unresolved,newpdf2.pdf,2026-08-17
Keonjhar,KEONJHAR-402,402,PUBLISHED_SEQUENCE,3,ODISHA SCHOOL OF MINING ENGINEERING(OSME),,,,unresolved,newpdf2.pdf,2026-08-17
Keonjhar,KEONJHAR-402,402,PUBLISHED_SEQUENCE,4,SILUA MUKUNDAPUR,,,,unresolved,newpdf2.pdf,2026-08-17
Keonjhar,KEONJHAR-402,402,PUBLISHED_SEQUENCE,5,"SIVA TEMPLE,GOVINDAPUR",,,,unresolved,newpdf2.pdf,2026-08-17
Keonjhar,KEONJHAR-402,402,PUBLISHED_SEQUENCE,6,GOVINDAPUR,,,,unresolved,newpdf2.pdf,2026-08-17
Keonjhar,KEONJHAR-402,402,PUBLISHED_SEQUENCE,7,"SIRIDISAI, BAMPARA CHAKA",,,,unresolved,newpdf2.pdf,2026-08-17
Keonjhar,KEONJHAR-402,402,PUBLISHED_SEQUENCE,8,CHAKA NUA SAHI,,,,unresolved,newpdf2.pdf,2026-08-17
Keonjhar,KEONJHAR-402,402,PUBLISHED_SEQUENCE,9,SANAGHAGHARA PARK,,,,unresolved,newpdf2.pdf,2026-08-17
Keonjhar,KEONJHAR-402,402,PUBLISHED_SEQUENCE,10,HATI TOWER,,,,unresolved,newpdf2.pdf,2026-08-17
Keonjhar,KEONJHAR-402,402,PUBLISHED_SEQUENCE,11,FIRE STATION,,,,unresolved,newpdf2.pdf,2026-08-17
Keonjhar,KEONJHAR-402,402,PUBLISHED_SEQUENCE,12,JUDIA CHAURA,,,,unresolved,newpdf2.pdf,2026-08-17
Keonjhar,KEONJHAR-402,402,PUBLISHED_SEQUENCE,13,NIHAL SINGH CHAKA,,,,unresolved,newpdf2.pdf,2026-08-17
Keonjhar,KEONJHAR-402,402,PUBLISHED_SEQUENCE,14,DHANGARAPADA TIRAHA,,,,unresolved,newpdf2.pdf,2026-08-17
Keonjhar,KEONJHAR-402,402,PUBLISHED_SEQUENCE,15,ATOPUR ROAD,,,,unresolved,newpdf2.pdf,2026-08-17
Keonjhar,KEONJHAR-402,402,PUBLISHED_SEQUENCE,16,TELKOI BUS STAND,,,,unresolved,newpdf2.pdf,2026-08-17
Keonjhar,KEONJHAR-402,402,PUBLISHED_SEQUENCE,17,GANDHI CHOWK,,,,unresolved,newpdf2.pdf,2026-08-17
Keonjhar,KEONJHAR-402,402,PUBLISHED_SEQUENCE,18,COLLECTORATE CIRCLE,,,,unresolved,newpdf2.pdf,2026-08-17
Keonjhar,KEONJHAR-403,403,PUBLISHED_SEQUENCE,1,DAKSHINA KALI MANDIR,,,,unresolved,newpdf2.pdf,2026-08-17
Keonjhar,KEONJHAR-403,403,PUBLISHED_SEQUENCE,2,BADADERA,,,,unresolved,newpdf2.pdf,2026-08-17
Keonjhar,KEONJHAR-403,403,PUBLISHED_SEQUENCE,3,MANDUA,,,,unresolved,newpdf2.pdf,2026-08-17
Keonjhar,KEONJHAR-403,403,PUBLISHED_SEQUENCE,4,GOVT. WOMENS COLLEGE,,,,unresolved,newpdf2.pdf,2026-08-17
Keonjhar,KEONJHAR-403,403,PUBLISHED_SEQUENCE,5,RTO OFFICE,,,,unresolved,newpdf2.pdf,2026-08-17
Keonjhar,KEONJHAR-403,403,PUBLISHED_SEQUENCE,6,NEW COURT CHOWK,,,,unresolved,newpdf2.pdf,2026-08-17
Keonjhar,KEONJHAR-403,403,PUBLISHED_SEQUENCE,7,DISTRICT LIBRARY,,,,unresolved,newpdf2.pdf,2026-08-17
Keonjhar,KEONJHAR-403,403,PUBLISHED_SEQUENCE,8,BHALUKIPATALA,,,,unresolved,newpdf2.pdf,2026-08-17
Keonjhar,KEONJHAR-403,403,PUBLISHED_SEQUENCE,9,BSNL CHOWK,,,,unresolved,newpdf2.pdf,2026-08-17
Keonjhar,KEONJHAR-403,403,PUBLISHED_SEQUENCE,10,JAIL ROAD,,,,unresolved,newpdf2.pdf,2026-08-17
Keonjhar,KEONJHAR-403,403,PUBLISHED_SEQUENCE,11,DISTRICT HOSPITAL,,,,unresolved,newpdf2.pdf,2026-08-17
Keonjhar,KEONJHAR-403,403,PUBLISHED_SEQUENCE,12,DDU CAMPUS,,,,unresolved,newpdf2.pdf,2026-08-17
Keonjhar,KEONJHAR-403,403,PUBLISHED_SEQUENCE,13,SIDHIMATHA,,,,unresolved,newpdf2.pdf,2026-08-17
Keonjhar,KEONJHAR-403,403,PUBLISHED_SEQUENCE,14,AGNISHWAR MAHADEV TEMPLE,,,,unresolved,newpdf2.pdf,2026-08-17
Keonjhar,KEONJHAR-403,403,PUBLISHED_SEQUENCE,15,KING'S PALACE,,,,unresolved,newpdf2.pdf,2026-08-17
Keonjhar,KEONJHAR-403,403,PUBLISHED_SEQUENCE,16,OLD TOWN POST OFFICE,,,,unresolved,newpdf2.pdf,2026-08-17
Keonjhar,KEONJHAR-403,403,PUBLISHED_SEQUENCE,17,HUDCO PARK,,,,unresolved,newpdf2.pdf,2026-08-17
Keonjhar,KEONJHAR-403,403,PUBLISHED_SEQUENCE,18,SHREE GANESH SIKHYANUSTHAN,,,,unresolved,newpdf2.pdf,2026-08-17
Keonjhar,KEONJHAR-403,403,PUBLISHED_SEQUENCE,19,THAKURPATNA RANKI,,,,unresolved,newpdf2.pdf,2026-08-17
Keonjhar,KEONJHAR-403,403,PUBLISHED_SEQUENCE,20,"K.V, KEONJHAR",,,,unresolved,newpdf2.pdf,2026-08-17
Keonjhar,KEONJHAR-403,403,PUBLISHED_SEQUENCE,21,BALABHADRAPUR,,,,unresolved,newpdf2.pdf,2026-08-17
Keonjhar,KEONJHAR-403,403,PUBLISHED_SEQUENCE,22,BELDA,,,,unresolved,newpdf2.pdf,2026-08-17
Keonjhar,KEONJHAR-404,404,PUBLISHED_SEQUENCE,1,KEONJHAR BUS STAND,,,,unresolved,newpdf2.pdf,2026-08-17
Keonjhar,KEONJHAR-404,404,PUBLISHED_SEQUENCE,2,COLLECTORATE CIRCLE,,,,unresolved,newpdf2.pdf,2026-08-17
Keonjhar,KEONJHAR-404,404,PUBLISHED_SEQUENCE,3,GANDHI CHOWK,,,,unresolved,newpdf2.pdf,2026-08-17
Keonjhar,KEONJHAR-404,404,PUBLISHED_SEQUENCE,4,SERAJUDDIN CHOWK,,,,unresolved,newpdf2.pdf,2026-08-17
Keonjhar,KEONJHAR-404,404,PUBLISHED_SEQUENCE,5,L.V PRASAD,,,,unresolved,newpdf2.pdf,2026-08-17
Keonjhar,KEONJHAR-404,404,PUBLISHED_SEQUENCE,6,LORD JAGANNATH COLLEGE,,,,unresolved,newpdf2.pdf,2026-08-17
Keonjhar,KEONJHAR-404,404,PUBLISHED_SEQUENCE,7,BANIAPAT CHOWK,,,,unresolved,newpdf2.pdf,2026-08-17
Keonjhar,KEONJHAR-404,404,PUBLISHED_SEQUENCE,8,HARIHAR COLONY,,,,unresolved,newpdf2.pdf,2026-08-17
Keonjhar,KEONJHAR-404,404,PUBLISHED_SEQUENCE,9,DD UNVERSITY,,,,unresolved,newpdf2.pdf,2026-08-17
Keonjhar,KEONJHAR-404,404,PUBLISHED_SEQUENCE,10,GST OFFICE,,,,unresolved,newpdf2.pdf,2026-08-17
Keonjhar,KEONJHAR-404,404,PUBLISHED_SEQUENCE,11,DHARANIDHAR MEDICAL COLLEGE,,,,unresolved,newpdf2.pdf,2026-08-17
Keonjhar,KEONJHAR-405,405,PUBLISHED_SEQUENCE,1,YOGI MATHA,,,,unresolved,newpdf2.pdf,2026-08-17
Keonjhar,KEONJHAR-405,405,PUBLISHED_SEQUENCE,2,PADMPUR,,,,unresolved,newpdf2.pdf,2026-08-17
Keonjhar,KEONJHAR-405,405,PUBLISHED_SEQUENCE,3,MSP SPONGE IRON,,,,unresolved,newpdf2.pdf,2026-08-17
Keonjhar,KEONJHAR-405,405,PUBLISHED_SEQUENCE,4,HUNDULA,,,,unresolved,newpdf2.pdf,2026-08-17
Keonjhar,KEONJHAR-405,405,PUBLISHED_SEQUENCE,5,JAMUDIHA,,,,unresolved,newpdf2.pdf,2026-08-17
Keonjhar,KEONJHAR-405,405,PUBLISHED_SEQUENCE,6,PALASPANGA CHOWK,,,,unresolved,newpdf2.pdf,2026-08-17
Keonjhar,KEONJHAR-405,405,PUBLISHED_SEQUENCE,7,GREEN FIELD SCHOOL,,,,unresolved,newpdf2.pdf,2026-08-17
Keonjhar,KEONJHAR-405,405,PUBLISHED_SEQUENCE,8,OSISL CHOWK,,,,unresolved,newpdf2.pdf,2026-08-17
Keonjhar,KEONJHAR-405,405,PUBLISHED_SEQUENCE,9,JHUMPURA BYPASS,,,,unresolved,newpdf2.pdf,2026-08-17
Keonjhar,KEONJHAR-405,405,PUBLISHED_SEQUENCE,10,JHUMPURA BLOCK CHOWK,,,,unresolved,newpdf2.pdf,2026-08-17
Keonjhar,KEONJHAR-405,405,PUBLISHED_SEQUENCE,11,JHUMPURA MARKET,,,,unresolved,newpdf2.pdf,2026-08-17
Keonjhar,KEONJHAR-405,405,PUBLISHED_SEQUENCE,12,JHUMPURA BUS STAND,,,,unresolved,newpdf2.pdf,2026-08-17
Keonjhar,KEONJHAR-405,405,PUBLISHED_SEQUENCE,13,JHUMPURA P.S,,,,unresolved,newpdf2.pdf,2026-08-17
Keonjhar,KEONJHAR-405,405,PUBLISHED_SEQUENCE,14,KEONJHAR BUS STAND,,,,unresolved,newpdf2.pdf,2026-08-17
Keonjhar,KEONJHAR-405,405,PUBLISHED_SEQUENCE,15,COLLECTORATE CIRCLE,,,,unresolved,newpdf2.pdf,2026-08-17
Keonjhar,KEONJHAR-405,405,PUBLISHED_SEQUENCE,16,GANDHI CHOWK,,,,unresolved,newpdf2.pdf,2026-08-17
Keonjhar,KEONJHAR-405,405,PUBLISHED_SEQUENCE,17,V-MART,,,,unresolved,newpdf2.pdf,2026-08-17
Keonjhar,KEONJHAR-405,405,PUBLISHED_SEQUENCE,18,SAMBAD OFFICE,,,,unresolved,newpdf2.pdf,2026-08-17
Keonjhar,KEONJHAR-405,405,PUBLISHED_SEQUENCE,19,JODA BARBIL BUS STAND,,,,unresolved,newpdf2.pdf,2026-08-17
Keonjhar,KEONJHAR-405,405,PUBLISHED_SEQUENCE,20,MOHIGAON,,,,unresolved,newpdf2.pdf,2026-08-17
Keonjhar,KEONJHAR-405,405,PUBLISHED_SEQUENCE,21,DHURPADA,,,,unresolved,newpdf2.pdf,2026-08-17
Keonjhar,KEONJHAR-405,405,PUBLISHED_SEQUENCE,22,BALIAGUDA,,,,unresolved,newpdf2.pdf,2026-08-17
Keonjhar,KEONJHAR-405,405,PUBLISHED_SEQUENCE,23,RAISUN,,,,unresolved,newpdf2.pdf,2026-08-17
Keonjhar,KEONJHAR-405,405,PUBLISHED_SEQUENCE,24,RAISUN COLLEGE,,,,unresolved,newpdf2.pdf,2026-08-17
Keonjhar,KEONJHAR-405,405,PUBLISHED_SEQUENCE,25,RAISUAN AIRSTRIP,,,,unresolved,newpdf2.pdf,2026-08-17
Keonjhar,KEONJHAR-405,405,PUBLISHED_SEQUENCE,26,OMFED,,,,unresolved,newpdf2.pdf,2026-08-17
