route_id,route_number,direction,route_name,stop_sequence,published_stop_name,canonical_candidate,bqs_match,reconciliation_status,source,source_page
AMA-12,12,UNSPECIFIED_IN_SOURCE,Bhubaneswar Railway Station ↔ Nandankanan (via Jaydev Vihar),1,BHUBANESWAR RLY. STN.,BHUBANESWAR RLY. STN.,,NEW_NON_BQS_OR_UNRESOLVED,https://smarteduguide.com/wp-content/uploads/2026/07/MO-BUS-Bhubaneswar-Routes-and-Numbers.html,
AMA-12,12,UNSPECIFIED_IN_SOURCE,Bhubaneswar Railway Station ↔ Nandankanan (via Jaydev Vihar),2,MASTER CANTEEN,Master canteen,Master canteen,BQS_MATCH_NORMALIZED,https://smarteduguide.com/wp-content/uploads/2026/07/MO-BUS-Bhubaneswar-Routes-and-Numbers.html,
AMA-12,12,UNSPECIFIED_IN_SOURCE,Bhubaneswar Railway Station ↔ Nandankanan (via Jaydev Vihar),3,SRIYA SQUARE,Sriya Square,Sriya Square,BQS_MATCH_NORMALIZED,https://smarteduguide.com/wp-content/uploads/2026/07/MO-BUS-Bhubaneswar-Routes-and-Numbers.html,
AMA-12,12,UNSPECIFIED_IN_SOURCE,Bhubaneswar Railway Station ↔ Nandankanan (via Jaydev Vihar),4,RAM MANDIR,RAM MANDIR,,NEW_NON_BQS_OR_UNRESOLVED,https://smarteduguide.com/wp-content/uploads/2026/07/MO-BUS-Bhubaneswar-Routes-and-Numbers.html,
AMA-12,12,UNSPECIFIED_IN_SOURCE,Bhubaneswar Railway Station ↔ Nandankanan (via Jaydev Vihar),5,EXHIBITION GROUND,EXHIBITION GROUND,,NEW_NON_BQS_OR_UNRESOLVED,https://smarteduguide.com/wp-content/uploads/2026/07/MO-BUS-Bhubaneswar-Routes-and-Numbers.html,
AMA-12,12,UNSPECIFIED_IN_SOURCE,Bhubaneswar Railway Station ↔ Nandankanan (via Jaydev Vihar),6,HOUSING BOARD SQUARE,Housing Board Square,Housing Board Square,BQS_MATCH_NORMALIZED,https://smarteduguide.com/wp-content/uploads/2026/07/MO-BUS-Bhubaneswar-Routes-and-Numbers.html,
AMA-12,12,UNSPECIFIED_IN_SOURCE,Bhubaneswar Railway Station ↔ Nandankanan (via Jaydev Vihar),7,AG COLONY,AG Colony,AG Colony,BQS_MATCH_NORMALIZED,https://smarteduguide.com/wp-content/uploads/2026/07/MO-BUS-Bhubaneswar-Routes-and-Numbers.html,
AMA-12,12,UNSPECIFIED_IN_SOURCE,Bhubaneswar Railway Station ↔ Nandankanan (via Jaydev Vihar),8,SHASTRI NAGAR SQUARE,Shastri Nagar,Shastri Nagar,BQS_MATCH_NORMALIZED,https://smarteduguide.com/wp-content/uploads/2026/07/MO-BUS-Bhubaneswar-Routes-and-Numbers.html,
AMA-12,12,UNSPECIFIED_IN_SOURCE,Bhubaneswar Railway Station ↔ Nandankanan (via Jaydev Vihar),9,THE WORLD,The World,The World,BQS_MATCH_NORMALIZED,https://smarteduguide.com/wp-content/uploads/2026/07/MO-BUS-Bhubaneswar-Routes-and-Numbers.html,
AMA-12,12,UNSPECIFIED_IN_SOURCE,Bhubaneswar Railway Station ↔ Nandankanan (via Jaydev Vihar),10,KALINGA STADIUM GATE- 2,Kalinga Stadium Gate 2,Kalinga Stadium Gate 2,BQS_MATCH_NORMALIZED,https://smarteduguide.com/wp-content/uploads/2026/07/MO-BUS-Bhubaneswar-Routes-and-Numbers.html,
AMA-12,12,UNSPECIFIED_IN_SOURCE,Bhubaneswar Railway Station ↔ Nandankanan (via Jaydev Vihar),11,KALINGA STADIUM GATE- 8,Kalinga Stadium Gate 8,Kalinga Stadium Gate 8,BQS_MATCH_NORMALIZED,https://smarteduguide.com/wp-content/uploads/2026/07/MO-BUS-Bhubaneswar-Routes-and-Numbers.html,
AMA-12,12,UNSPECIFIED_IN_SOURCE,Bhubaneswar Railway Station ↔ Nandankanan (via Jaydev Vihar),12,JAYDEV VIHAR SQUARE,Jaydev Vihar Square,Jaydev Vihar Square,BQS_MATCH_NORMALIZED,https://smarteduguide.com/wp-content/uploads/2026/07/MO-BUS-Bhubaneswar-Routes-and-Numbers.html,
AMA-12,12,UNSPECIFIED_IN_SOURCE,Bhubaneswar Railway Station ↔ Nandankanan (via Jaydev Vihar),13,PAL HEIGHTS,PAL HEIGHTS,,NEW_NON_BQS_OR_UNRESOLVED,https://smarteduguide.com/wp-content/uploads/2026/07/MO-BUS-Bhubaneswar-Routes-and-Numbers.html,
AMA-12,12,UNSPECIFIED_IN_SOURCE,Bhubaneswar Railway Station ↔ Nandankanan (via Jaydev Vihar),14,MAYFAIR ROAD,Mayfair Square,Mayfair Square,BQS_MATCH_NORMALIZED,https://smarteduguide.com/wp-content/uploads/2026/07/MO-BUS-Bhubaneswar-Routes-and-Numbers.html,
AMA-12,12,UNSPECIFIED_IN_SOURCE,Bhubaneswar Railway Station ↔ Nandankanan (via Jaydev Vihar),15,JANATA MAIDAN,Janata Maidan,Janata Maidan,BQS_MATCH_NORMALIZED,https://smarteduguide.com/wp-content/uploads/2026/07/MO-BUS-Bhubaneswar-Routes-and-Numbers.html,
AMA-12,12,UNSPECIFIED_IN_SOURCE,Bhubaneswar Railway Station ↔ Nandankanan (via Jaydev Vihar),16,XAVIER SQUARE,Xavier Square,Xavier Square,BQS_MATCH_NORMALIZED,https://smarteduguide.com/wp-content/uploads/2026/07/MO-BUS-Bhubaneswar-Routes-and-Numbers.html,
AMA-12,12,UNSPECIFIED_IN_SOURCE,Bhubaneswar Railway Station ↔ Nandankanan (via Jaydev Vihar),17,FORTUNE TOWER,FORTUNE TOWER,,NEW_NON_BQS_OR_UNRESOLVED,https://smarteduguide.com/wp-content/uploads/2026/07/MO-BUS-Bhubaneswar-Routes-and-Numbers.html,
AMA-12,12,UNSPECIFIED_IN_SOURCE,Bhubaneswar Railway Station ↔ Nandankanan (via Jaydev Vihar),18,KALINGA HOSPITAL SQUARE,Kalinga Hospital Square,Kalinga Hospital Square,BQS_MATCH_NORMALIZED,https://smarteduguide.com/wp-content/uploads/2026/07/MO-BUS-Bhubaneswar-Routes-and-Numbers.html,
AMA-12,12,UNSPECIFIED_IN_SOURCE,Bhubaneswar Railway Station ↔ Nandankanan (via Jaydev Vihar),19,RAIL SADAN,RAIL SADAN,,NEW_NON_BQS_OR_UNRESOLVED,https://smarteduguide.com/wp-content/uploads/2026/07/MO-BUS-Bhubaneswar-Routes-and-Numbers.html,
AMA-12,12,UNSPECIFIED_IN_SOURCE,Bhubaneswar Railway Station ↔ Nandankanan (via Jaydev Vihar),20,OMFED SQUARE,Omfed Square,Omfed Square,BQS_MATCH_NORMALIZED,https://smarteduguide.com/wp-content/uploads/2026/07/MO-BUS-Bhubaneswar-Routes-and-Numbers.html,
AMA-12,12,UNSPECIFIED_IN_SOURCE,Bhubaneswar Railway Station ↔ Nandankanan (via Jaydev Vihar),21,NILADRI VIHAR SQUARE,Niladri Vihar Square,Niladri Vihar Square,BQS_MATCH_NORMALIZED,https://smarteduguide.com/wp-content/uploads/2026/07/MO-BUS-Bhubaneswar-Routes-and-Numbers.html,
AMA-12,12,UNSPECIFIED_IN_SOURCE,Bhubaneswar Railway Station ↔ Nandankanan (via Jaydev Vihar),22,DAMANA SQUARE,Damana Square,Damana Square,BQS_MATCH_NORMALIZED,https://smarteduguide.com/wp-content/uploads/2026/07/MO-BUS-Bhubaneswar-Routes-and-Numbers.html,
AMA-12,12,UNSPECIFIED_IN_SOURCE,Bhubaneswar Railway Station ↔ Nandankanan (via Jaydev Vihar),23,CHANDRASHEKHARPUR P.S.,CS Pur Police Stn.,CS Pur Police Stn.,BQS_MATCH_NORMALIZED,https://smarteduguide.com/wp-content/uploads/2026/07/MO-BUS-Bhubaneswar-Routes-and-Numbers.html,
AMA-12,12,UNSPECIFIED_IN_SOURCE,Bhubaneswar Railway Station ↔ Nandankanan (via Jaydev Vihar),24,PATIA SQUARE,Patia Square,Patia Square,BQS_MATCH_NORMALIZED,https://smarteduguide.com/wp-content/uploads/2026/07/MO-BUS-Bhubaneswar-Routes-and-Numbers.html,
AMA-12,12,UNSPECIFIED_IN_SOURCE,Bhubaneswar Railway Station ↔ Nandankanan (via Jaydev Vihar),25,KOEL CAMPUS,Koel campus,Koel campus,BQS_MATCH_NORMALIZED,https://smarteduguide.com/wp-content/uploads/2026/07/MO-BUS-Bhubaneswar-Routes-and-Numbers.html,
AMA-12,12,UNSPECIFIED_IN_SOURCE,Bhubaneswar Railway Station ↔ Nandankanan (via Jaydev Vihar),26,KANAN VIHAR PHASE- 2,KANAN VIHAR PHASE- 2,,NEW_NON_BQS_OR_UNRESOLVED,https://smarteduguide.com/wp-content/uploads/2026/07/MO-BUS-Bhubaneswar-Routes-and-Numbers.html,
AMA-12,12,UNSPECIFIED_IN_SOURCE,Bhubaneswar Railway Station ↔ Nandankanan (via Jaydev Vihar),27,KIIT SQUARE,KIIT Square,KIIT Square,BQS_MATCH_NORMALIZED,https://smarteduguide.com/wp-content/uploads/2026/07/MO-BUS-Bhubaneswar-Routes-and-Numbers.html,
AMA-12,12,UNSPECIFIED_IN_SOURCE,Bhubaneswar Railway Station ↔ Nandankanan (via Jaydev Vihar),28,SIKHARCHANDI VIHAR,Shikharchandi Vihar,Shikharchandi Vihar,BQS_MATCH_NORMALIZED,https://smarteduguide.com/wp-content/uploads/2026/07/MO-BUS-Bhubaneswar-Routes-and-Numbers.html,
AMA-12,12,UNSPECIFIED_IN_SOURCE,Bhubaneswar Railway Station ↔ Nandankanan (via Jaydev Vihar),29,NANDAN VIHAR,Nandan Vihar,Nandan Vihar,BQS_MATCH_NORMALIZED,https://smarteduguide.com/wp-content/uploads/2026/07/MO-BUS-Bhubaneswar-Routes-and-Numbers.html,
AMA-12,12,UNSPECIFIED_IN_SOURCE,Bhubaneswar Railway Station ↔ Nandankanan (via Jaydev Vihar),30,MANI TRIBHUVAN,MANI TRIBHUVAN,,NEW_NON_BQS_OR_UNRESOLVED,https://smarteduguide.com/wp-content/uploads/2026/07/MO-BUS-Bhubaneswar-Routes-and-Numbers.html,
AMA-12,12,UNSPECIFIED_IN_SOURCE,Bhubaneswar Railway Station ↔ Nandankanan (via Jaydev Vihar),31,ROYAL LAGOON,ROYAL LAGOON,,NEW_NON_BQS_OR_UNRESOLVED,https://smarteduguide.com/wp-content/uploads/2026/07/MO-BUS-Bhubaneswar-Routes-and-Numbers.html,
AMA-12,12,UNSPECIFIED_IN_SOURCE,Bhubaneswar Railway Station ↔ Nandankanan (via Jaydev Vihar),32,RAGHUNATHPUR,RAGHUNATHPUR,,NEW_NON_BQS_OR_UNRESOLVED,https://smarteduguide.com/wp-content/uploads/2026/07/MO-BUS-Bhubaneswar-Routes-and-Numbers.html,
AMA-12,12,UNSPECIFIED_IN_SOURCE,Bhubaneswar Railway Station ↔ Nandankanan (via Jaydev Vihar),33,RAGHUNATHPUR VILLAGE,RAGHUNATHPUR VILLAGE,,NEW_NON_BQS_OR_UNRESOLVED,https://smarteduguide.com/wp-content/uploads/2026/07/MO-BUS-Bhubaneswar-Routes-and-Numbers.html,
AMA-12,12,UNSPECIFIED_IN_SOURCE,Bhubaneswar Railway Station ↔ Nandankanan (via Jaydev Vihar),34,DULADEI TEMPLE,DULADEI TEMPLE,,NEW_NON_BQS_OR_UNRESOLVED,https://smarteduguide.com/wp-content/uploads/2026/07/MO-BUS-Bhubaneswar-Routes-and-Numbers.html,
AMA-12,12,UNSPECIFIED_IN_SOURCE,Bhubaneswar Railway Station ↔ Nandankanan (via Jaydev Vihar),35,NANDANKANAN HIGH SCHOOL,NANDANKANAN HIGH SCHOOL,,NEW_NON_BQS_OR_UNRESOLVED,https://smarteduguide.com/wp-content/uploads/2026/07/MO-BUS-Bhubaneswar-Routes-and-Numbers.html,
AMA-12,12,UNSPECIFIED_IN_SOURCE,Bhubaneswar Railway Station ↔ Nandankanan (via Jaydev Vihar),36,NANDANKANAN,NANDANKANAN,,NEW_NON_BQS_OR_UNRESOLVED,https://smarteduguide.com/wp-content/uploads/2026/07/MO-BUS-Bhubaneswar-Routes-and-Numbers.html,
